base_graph_id,repetition,low_first_loss,high_first_loss,difference,low_failure,high_failure,low_relative_gap,high_relative_gap,low_exposure,high_exposure
r3-confirm-r0000,0,0.0,1.0,1.0,0.0,1.0,0.0,0.09090909090909091,1.5,12.0
r3-confirm-r0001,1,0.5,0.5,0.0,1.0,1.0,0.09090909090909091,0.14090909090909093,4.0,13.0
r3-confirm-r0002,2,0.0,0.5,0.5,0.5,1.0,0.041666666666666664,0.09090909090909091,1.0,11.0
r3-confirm-r0003,3,0.0,0.0,0.0,0.0,1.0,0.0,0.09090909090909091,2.0,10.5
r3-confirm-r0004,4,0.5,1.0,0.5,1.0,1.0,0.09090909090909091,0.09090909090909091,5.0,11.0
r3-confirm-r0005,5,0.0,0.5,0.5,0.0,0.5,0.0,0.045454545454545456,1.5,10.5
r3-confirm-r0006,6,0.0,0.0,0.0,0.0,0.0,0.0,0.0,1.5,11.0
r3-confirm-r0007,7,0.0,1.0,1.0,0.0,1.0,0.0,0.13636363636363635,2.0,11.0
r3-confirm-r0008,8,0.0,1.0,1.0,0.5,1.0,0.041666666666666664,0.12878787878787878,3.5,10.0
r3-confirm-r0009,9,0.0,1.0,1.0,1.0,1.0,0.09090909090909091,0.09545454545454546,3.0,12.0
r3-confirm-r0010,10,0.0,1.0,1.0,0.5,1.0,0.08333333333333333,0.13636363636363635,2.5,11.0
r3-confirm-r0011,11,0.0,0.5,0.5,0.0,0.5,0.0,0.045454545454545456,2.0,11.0
r3-confirm-r0012,12,0.0,1.0,1.0,0.5,1.0,0.045454545454545456,0.08712121212121213,1.5,13.0
r3-confirm-r0013,13,0.0,0.5,0.5,0.0,0.5,0.0,0.041666666666666664,4.0,10.5
r3-confirm-r0014,14,0.0,1.0,1.0,0.5,1.0,0.041666666666666664,0.125,2.5,11.0
r3-confirm-r0015,15,0.0,1.0,1.0,0.5,1.0,0.045454545454545456,0.09545454545454546,1.0,14.0
r3-confirm-r0016,16,0.0,0.5,0.5,0.0,0.5,0.0,0.045454545454545456,2.0,10.0
r3-confirm-r0017,17,0.0,1.0,1.0,0.0,1.0,0.0,0.14090909090909093,2.0,13.0
r3-confirm-r0018,18,0.0,0.5,0.5,0.0,0.5,0.0,0.09090909090909091,3.0,14.0
r3-confirm-r0019,19,0.0,0.5,0.5,0.5,0.5,0.041666666666666664,0.045454545454545456,2.0,11.0
r3-confirm-r0020,20,0.0,1.0,1.0,0.0,1.0,0.0,0.09090909090909091,3.0,10.5
r3-confirm-r0021,21,0.0,1.0,1.0,1.0,1.0,0.08333333333333333,0.09090909090909091,1.0,12.0
r3-confirm-r0022,22,0.0,1.0,1.0,0.0,1.0,0.0,0.12878787878787878,1.5,11.0
r3-confirm-r0023,23,0.0,0.5,0.5,0.5,0.5,0.045454545454545456,0.045454545454545456,2.5,11.0
r3-confirm-r0024,24,0.0,1.0,1.0,0.5,1.0,0.045454545454545456,0.12878787878787878,1.0,14.0
r3-confirm-r0025,25,0.0,0.5,0.5,1.0,1.0,0.09090909090909091,0.1,2.0,13.0
r3-confirm-r0026,26,0.0,0.5,0.5,0.0,0.5,0.0,0.045454545454545456,2.5,12.0
r3-confirm-r0027,27,0.0,1.0,1.0,0.0,1.0,0.0,0.08712121212121213,2.0,14.0
r3-confirm-r0028,28,0.0,0.5,0.5,0.5,0.5,0.045454545454545456,0.045454545454545456,3.0,10.0
r3-confirm-r0029,29,0.0,0.0,0.0,0.0,0.5,0.0,0.05,6.0,9.0
r3-confirm-r0030,30,0.0,1.0,1.0,0.5,1.0,0.041666666666666664,0.09090909090909091,2.0,11.0
r3-confirm-r0031,31,0.0,0.5,0.5,0.0,1.0,0.0,0.09090909090909091,4.0,11.0
r3-confirm-r0032,32,0.0,1.0,1.0,0.0,1.0,0.0,0.09090909090909091,2.0,11.0
r3-confirm-r0033,33,0.0,0.5,0.5,0.5,0.5,0.045454545454545456,0.045454545454545456,2.0,13.0
r3-confirm-r0034,34,0.0,0.5,0.5,0.0,0.5,0.0,0.045454545454545456,3.5,10.0
r3-confirm-r0035,35,0.0,0.5,0.5,1.0,0.5,0.08333333333333333,0.045454545454545456,1.0,13.0
r3-confirm-r0036,36,0.0,1.0,1.0,0.5,1.0,0.045454545454545456,0.09090909090909091,1.5,12.0
r3-confirm-r0037,37,0.0,1.0,1.0,0.5,1.0,0.045454545454545456,0.13636363636363635,3.5,11.0
r3-confirm-r0038,38,0.0,0.0,0.0,0.5,0.5,0.045454545454545456,0.045454545454545456,4.0,11.5
r3-confirm-r0039,39,0.0,1.0,1.0,0.5,1.0,0.045454545454545456,0.09090909090909091,1.5,13.0
r3-confirm-r0040,40,0.0,1.0,1.0,0.5,1.0,0.08333333333333333,0.13257575757575757,3.5,12.0
r3-confirm-r0041,41,0.0,1.0,1.0,0.0,1.0,0.0,0.08712121212121213,2.0,10.0
r3-confirm-r0042,42,0.0,1.0,1.0,0.0,1.0,0.0,0.13636363636363635,2.0,13.0
r3-confirm-r0043,43,0.0,0.5,0.5,0.5,0.5,0.045454545454545456,0.045454545454545456,2.0,12.0
r3-confirm-r0044,44,0.0,0.5,0.5,0.5,0.5,0.045454545454545456,0.045454545454545456,3.5,13.0
r3-confirm-r0045,45,0.0,0.0,0.0,0.0,0.0,0.0,0.0,2.5,10.0
r3-confirm-r0046,46,0.0,0.5,0.5,0.5,0.5,0.041666666666666664,0.045454545454545456,1.0,12.0
r3-confirm-r0047,47,0.0,0.5,0.5,0.5,0.5,0.045454545454545456,0.045454545454545456,2.5,11.0
r3-confirm-r0048,48,0.0,0.5,0.5,0.5,0.5,0.041666666666666664,0.045454545454545456,2.0,12.0
r3-confirm-r0049,49,0.0,0.5,0.5,0.0,0.5,0.0,0.045454545454545456,2.0,11.5
r3-confirm-r0050,50,0.0,0.5,0.5,0.0,0.5,0.0,0.09090909090909091,2.5,11.0
r3-confirm-r0051,51,0.0,0.5,0.5,0.0,0.5,0.0,0.045454545454545456,4.0,10.0
r3-confirm-r0052,52,0.0,0.0,0.0,0.0,0.0,0.0,0.0,4.5,10.0
r3-confirm-r0053,53,0.0,1.0,1.0,0.0,1.0,0.0,0.08712121212121213,2.0,10.0
r3-confirm-r0054,54,0.0,1.0,1.0,0.5,1.0,0.041666666666666664,0.09545454545454546,2.0,13.0
r3-confirm-r0055,55,0.0,0.5,0.5,0.5,0.5,0.045454545454545456,0.045454545454545456,3.0,10.0
r3-confirm-r0056,56,0.0,0.5,0.5,1.0,0.5,0.09090909090909091,0.045454545454545456,2.0,12.0
r3-confirm-r0057,57,0.0,0.5,0.5,0.5,0.5,0.041666666666666664,0.05,2.0,13.0
r3-confirm-r0058,58,0.0,1.0,1.0,0.0,1.0,0.0,0.13636363636363635,2.0,13.0
r3-confirm-r0059,59,0.0,1.0,1.0,0.0,1.0,0.0,0.14090909090909093,2.0,13.0
r3-confirm-r0060,60,0.0,0.0,0.0,0.0,0.0,0.0,0.0,4.0,8.0
r3-confirm-r0061,61,0.0,0.5,0.5,0.0,0.5,0.0,0.045454545454545456,2.5,11.0
r3-confirm-r0062,62,0.0,0.0,0.0,0.5,0.0,0.05,0.0,4.0,12.0
r3-confirm-r0063,63,0.0,1.0,1.0,0.5,1.0,0.041666666666666664,0.13636363636363635,2.5,9.5
r3-confirm-r0064,64,0.0,1.0,1.0,0.0,1.0,0.0,0.09090909090909091,4.0,10.0
r3-confirm-r0065,65,0.0,1.0,1.0,0.0,1.0,0.0,0.09090909090909091,1.5,12.0
r3-confirm-r0066,66,0.0,0.5,0.5,0.5,0.5,0.045454545454545456,0.045454545454545456,3.5,12.0
r3-confirm-r0067,67,0.0,1.0,1.0,0.5,1.0,0.045454545454545456,0.13636363636363635,2.0,12.5
r3-confirm-r0068,68,0.0,1.0,1.0,0.0,1.0,0.0,0.13636363636363635,3.0,10.0
r3-confirm-r0069,69,0.0,1.0,1.0,0.0,1.0,0.0,0.09090909090909091,3.5,13.0
r3-confirm-r0070,70,0.0,0.5,0.5,0.5,0.5,0.041666666666666664,0.041666666666666664,4.0,8.0
r3-confirm-r0071,71,0.0,1.0,1.0,1.0,1.0,0.09090909090909091,0.09090909090909091,3.0,13.0
r3-confirm-r0072,72,0.0,1.0,1.0,1.0,1.0,0.125,0.08712121212121213,3.0,12.0
r3-confirm-r0073,73,0.0,1.0,1.0,0.5,1.0,0.041666666666666664,0.08712121212121213,2.5,12.0
r3-confirm-r0074,74,0.0,0.5,0.5,0.5,0.5,0.045454545454545456,0.05,2.0,12.0
r3-confirm-r0075,75,0.0,1.0,1.0,0.0,1.0,0.0,0.13636363636363635,2.0,12.0
r3-confirm-r0076,76,0.0,1.0,1.0,0.5,1.0,0.041666666666666664,0.09090909090909091,1.0,13.0
r3-confirm-r0077,77,0.0,0.5,0.5,0.5,0.5,0.041666666666666664,0.09090909090909091,2.5,11.0
r3-confirm-r0078,78,0.0,0.5,0.5,0.5,1.0,0.045454545454545456,0.09090909090909091,2.0,12.0
r3-confirm-r0079,79,0.0,0.5,0.5,0.5,0.5,0.041666666666666664,0.045454545454545456,2.0,10.5
r3-confirm-r0080,80,0.0,0.5,0.5,0.0,1.0,0.0,0.09090909090909091,2.0,11.0
r3-confirm-r0081,81,0.0,0.5,0.5,0.0,1.0,0.0,0.1,2.5,13.0
r3-confirm-r0082,82,0.0,1.0,1.0,0.0,1.0,0.0,0.09090909090909091,2.5,12.5
r3-confirm-r0083,83,0.0,0.5,0.5,0.5,0.5,0.08333333333333333,0.09090909090909091,2.0,13.0
r3-confirm-r0084,84,0.0,0.5,0.5,0.0,0.5,0.0,0.045454545454545456,3.5,10.5
r3-confirm-r0085,85,0.0,1.0,1.0,1.0,1.0,0.125,0.13636363636363635,0.0,12.0
r3-confirm-r0086,86,0.0,0.0,0.0,0.0,0.0,0.0,0.0,4.0,12.0
r3-confirm-r0087,87,0.0,1.0,1.0,0.5,1.0,0.08333333333333333,0.09090909090909091,3.0,11.0
r3-confirm-r0088,88,0.0,0.0,0.0,0.5,0.0,0.041666666666666664,0.0,2.5,11.0
r3-confirm-r0089,89,0.0,1.0,1.0,0.5,1.0,0.041666666666666664,0.09090909090909091,2.5,10.0
r3-confirm-r0090,90,0.0,0.5,0.5,1.0,0.5,0.09090909090909091,0.045454545454545456,3.5,11.0
r3-confirm-r0091,91,0.0,0.5,0.5,0.5,1.0,0.041666666666666664,0.09090909090909091,2.0,10.0
r3-confirm-r0092,92,0.0,1.0,1.0,0.0,1.0,0.0,0.09090909090909091,1.0,11.5
r3-confirm-r0093,93,0.0,1.0,1.0,1.0,1.0,0.09090909090909091,0.13636363636363635,3.0,12.0
r3-confirm-r0094,94,0.0,0.0,0.0,0.0,0.0,0.0,0.0,4.0,11.5
r3-confirm-r0095,95,0.0,1.0,1.0,1.0,1.0,0.09090909090909091,0.1,2.0,13.0
r3-confirm-r0096,96,0.0,0.5,0.5,0.5,0.5,0.041666666666666664,0.045454545454545456,2.5,10.0
r3-confirm-r0097,97,0.0,0.5,0.5,0.0,1.0,0.0,0.09090909090909091,3.0,9.0
r3-confirm-r0098,98,0.0,0.5,0.5,1.0,1.0,0.08333333333333333,0.09090909090909091,1.0,10.0
r3-confirm-r0099,99,0.0,1.0,1.0,0.5,1.0,0.045454545454545456,0.09545454545454546,3.0,12.0
r3-confirm-r0100,100,0.0,1.0,1.0,0.5,1.0,0.08333333333333333,0.08712121212121213,3.0,12.0
r3-confirm-r0101,101,0.0,0.5,0.5,0.0,0.5,0.0,0.045454545454545456,3.5,10.0
r3-confirm-r0102,102,0.0,0.5,0.5,0.5,0.5,0.041666666666666664,0.045454545454545456,1.5,11.0
r3-confirm-r0103,103,0.0,0.5,0.5,0.5,0.5,0.045454545454545456,0.045454545454545456,3.5,11.0
r3-confirm-r0104,104,0.0,1.0,1.0,0.0,1.0,0.0,0.09545454545454546,0.5,14.0
r3-confirm-r0105,105,0.0,1.0,1.0,0.0,1.0,0.0,0.09545454545454546,3.0,11.0
r3-confirm-r0106,106,0.0,0.5,0.5,0.0,0.5,0.0,0.045454545454545456,1.5,12.0
r3-confirm-r0107,107,0.0,0.5,0.5,0.5,0.5,0.041666666666666664,0.08333333333333333,3.5,10.0
r3-confirm-r0108,108,0.0,1.0,1.0,0.5,1.0,0.045454545454545456,0.09090909090909091,3.5,11.0
r3-confirm-r0109,109,0.0,0.5,0.5,0.0,0.5,0.0,0.041666666666666664,4.0,9.0
r3-confirm-r0110,110,0.0,1.0,1.0,0.0,1.0,0.0,0.09090909090909091,3.0,9.0
r3-confirm-r0111,111,0.0,0.5,0.5,0.0,0.5,0.0,0.045454545454545456,3.0,11.0
r3-confirm-r0112,112,0.0,1.0,1.0,0.0,1.0,0.0,0.09090909090909091,3.0,11.0
r3-confirm-r0113,113,0.0,0.0,0.0,0.5,0.0,0.045454545454545456,0.0,2.0,11.0
r3-confirm-r0114,114,0.0,0.5,0.5,0.5,0.5,0.09090909090909091,0.09090909090909091,4.5,12.0
r3-confirm-r0115,115,0.0,0.5,0.5,0.0,1.0,0.0,0.09090909090909091,3.0,10.0
r3-confirm-r0116,116,0.0,1.0,1.0,0.5,1.0,0.045454545454545456,0.12878787878787878,3.5,10.0
r3-confirm-r0117,117,0.5,0.5,0.0,1.0,0.5,0.09090909090909091,0.045454545454545456,5.0,10.0
r3-confirm-r0118,118,0.0,1.0,1.0,0.5,1.0,0.045454545454545456,0.13636363636363635,2.0,13.0
r3-confirm-r0119,119,0.0,0.5,0.5,1.0,0.5,0.08712121212121213,0.125,2.0,10.0
r3-confirm-r0120,120,0.0,1.0,1.0,0.0,1.0,0.0,0.13636363636363635,3.0,11.0
r3-confirm-r0121,121,0.0,1.0,1.0,0.5,1.0,0.045454545454545456,0.09090909090909091,2.5,14.0
r3-confirm-r0122,122,0.0,0.5,0.5,0.5,0.5,0.041666666666666664,0.045454545454545456,2.0,12.0
r3-confirm-r0123,123,0.0,0.5,0.5,0.0,0.5,0.0,0.045454545454545456,2.0,11.0
r3-confirm-r0124,124,0.0,0.5,0.5,0.0,0.5,0.0,0.05,4.0,13.0
r3-confirm-r0125,125,0.0,1.0,1.0,0.5,1.0,0.041666666666666664,0.13636363636363635,2.5,10.0
r3-confirm-r0126,126,0.0,0.5,0.5,0.0,0.5,0.0,0.045454545454545456,4.0,11.0
r3-confirm-r0127,127,0.0,1.0,1.0,0.5,1.0,0.041666666666666664,0.09090909090909091,3.0,10.0
r3-confirm-r0128,128,0.0,0.5,0.5,0.0,0.5,0.0,0.045454545454545456,2.0,10.5
r3-confirm-r0129,129,0.0,0.5,0.5,1.0,0.5,0.09090909090909091,0.09090909090909091,1.0,14.5
r3-confirm-r0130,130,0.0,0.5,0.5,0.5,0.5,0.045454545454545456,0.045454545454545456,4.0,11.5
r3-confirm-r0131,131,0.0,1.0,1.0,1.0,1.0,0.09090909090909091,0.09090909090909091,3.0,12.0
r3-confirm-r0132,132,0.0,1.0,1.0,0.0,1.0,0.0,0.1,1.0,13.0
r3-confirm-r0133,133,0.0,0.5,0.5,0.0,0.5,0.0,0.08333333333333333,2.5,10.0
r3-confirm-r0134,134,0.0,0.5,0.5,0.0,0.5,0.0,0.045454545454545456,2.5,9.0
r3-confirm-r0135,135,0.0,0.5,0.5,0.5,1.0,0.045454545454545456,0.12878787878787878,3.0,10.0
r3-confirm-r0136,136,0.0,0.5,0.5,0.0,0.5,0.0,0.045454545454545456,4.0,11.0
r3-confirm-r0137,137,0.0,0.5,0.5,0.0,0.5,0.0,0.05555555555555555,1.5,16.0
r3-confirm-r0138,138,0.0,0.0,0.0,0.0,0.5,0.0,0.045454545454545456,3.5,9.5
r3-confirm-r0139,139,0.0,0.5,0.5,0.0,0.5,0.0,0.045454545454545456,2.5,16.0
r3-confirm-r0140,140,0.0,1.0,1.0,0.0,1.0,0.0,0.09090909090909091,2.5,12.0
r3-confirm-r0141,141,0.0,0.5,0.5,0.0,0.5,0.0,0.045454545454545456,3.0,13.0
r3-confirm-r0142,142,0.0,0.5,0.5,0.0,0.5,0.0,0.045454545454545456,3.0,11.0
r3-confirm-r0143,143,0.0,0.5,0.5,0.5,1.0,0.041666666666666664,0.09090909090909091,3.0,10.0
r3-confirm-r0144,144,0.0,0.5,0.5,0.5,0.5,0.041666666666666664,0.045454545454545456,2.0,13.0
r3-confirm-r0145,145,0.0,0.5,0.5,0.5,0.5,0.041666666666666664,0.045454545454545456,1.5,12.0
r3-confirm-r0146,146,0.0,0.5,0.5,1.0,0.5,0.09090909090909091,0.045454545454545456,2.5,11.0
r3-confirm-r0147,147,0.0,0.5,0.5,0.5,0.5,0.045454545454545456,0.041666666666666664,2.5,10.0
r3-confirm-r0148,148,0.0,0.5,0.5,0.5,1.0,0.045454545454545456,0.09090909090909091,3.0,10.0
r3-confirm-r0149,149,0.0,1.0,1.0,0.0,1.0,0.0,0.12878787878787878,2.0,11.0
r3-confirm-r0150,150,0.0,1.0,1.0,0.0,1.0,0.0,0.13636363636363635,4.0,10.0
r3-confirm-r0151,151,0.0,0.0,0.0,0.5,0.5,0.05,0.05,5.0,11.0
r3-confirm-r0152,152,0.0,1.0,1.0,0.0,1.0,0.0,0.09090909090909091,1.5,13.0
r3-confirm-r0153,153,0.0,0.0,0.0,0.0,0.0,0.0,0.0,2.0,11.5
r3-confirm-r0154,154,0.0,0.5,0.5,1.0,0.5,0.08712121212121213,0.045454545454545456,1.5,13.0
r3-confirm-r0155,155,0.0,1.0,1.0,0.0,1.0,0.0,0.08712121212121213,3.0,10.0
r3-confirm-r0156,156,0.0,0.5,0.5,0.0,0.5,0.0,0.05,3.5,12.0
r3-confirm-r0157,157,0.0,1.0,1.0,0.5,1.0,0.045454545454545456,0.09090909090909091,3.5,12.0
r3-confirm-r0158,158,0.0,0.5,0.5,0.5,0.5,0.041666666666666664,0.045454545454545456,2.5,10.0
r3-confirm-r0159,159,0.0,1.0,1.0,0.5,1.0,0.041666666666666664,0.13257575757575757,1.0,11.0
r3-confirm-r0160,160,0.0,1.0,1.0,0.0,1.0,0.0,0.09090909090909091,2.0,12.0
r3-confirm-r0161,161,0.0,0.5,0.5,0.0,0.5,0.0,0.05,2.0,13.0
r3-confirm-r0162,162,0.0,1.0,1.0,0.5,1.0,0.041666666666666664,0.09090909090909091,3.0,12.0
r3-confirm-r0163,163,0.0,1.0,1.0,0.0,1.0,0.0,0.12878787878787878,4.5,11.0
r3-confirm-r0164,164,0.0,1.0,1.0,0.0,1.0,0.0,0.09090909090909091,4.0,11.0
r3-confirm-r0165,165,0.0,1.0,1.0,0.0,1.0,0.0,0.15000000000000002,2.5,16.0
r3-confirm-r0166,166,0.0,0.5,0.5,0.5,1.0,0.045454545454545456,0.14090909090909093,4.5,12.0
r3-confirm-r0167,167,0.0,1.0,1.0,0.5,1.0,0.045454545454545456,0.09090909090909091,3.0,11.0
r3-confirm-r0168,168,0.0,1.0,1.0,1.0,1.0,0.12878787878787878,0.17045454545454547,3.5,10.0
r3-confirm-r0169,169,0.0,0.0,0.0,0.5,0.0,0.045454545454545456,0.0,3.0,10.0
r3-confirm-r0170,170,0.0,0.0,0.0,1.0,0.0,0.08712121212121213,0.0,3.5,9.0
r3-confirm-r0171,171,0.0,0.0,0.0,0.5,0.0,0.045454545454545456,0.0,1.0,12.0
r3-confirm-r0172,172,0.0,0.5,0.5,1.0,0.5,0.09090909090909091,0.045454545454545456,2.0,12.5
r3-confirm-r0173,173,0.0,1.0,1.0,0.5,1.0,0.045454545454545456,0.09090909090909091,3.0,11.0
r3-confirm-r0174,174,0.0,0.5,0.5,0.0,1.0,0.0,0.09090909090909091,5.5,10.0
r3-confirm-r0175,175,0.0,1.0,1.0,0.5,1.0,0.045454545454545456,0.09090909090909091,3.0,12.0
r3-confirm-r0176,176,0.0,0.5,0.5,0.0,0.5,0.0,0.09090909090909091,2.0,11.0
r3-confirm-r0177,177,0.0,1.0,1.0,0.0,1.0,0.0,0.08712121212121213,4.0,8.5
r3-confirm-r0178,178,0.0,1.0,1.0,1.0,1.0,0.08333333333333333,0.09090909090909091,2.0,11.0
r3-confirm-r0179,179,0.0,0.5,0.5,0.5,0.5,0.041666666666666664,0.045454545454545456,3.0,10.0
r3-confirm-r0180,180,0.0,0.5,0.5,0.0,0.5,0.0,0.045454545454545456,3.5,11.0
r3-confirm-r0181,181,0.0,0.0,0.0,0.0,0.5,0.0,0.045454545454545456,3.0,10.0
r3-confirm-r0182,182,0.0,0.5,0.5,0.5,0.5,0.041666666666666664,0.045454545454545456,1.0,10.0
r3-confirm-r0183,183,0.0,0.5,0.5,0.5,0.5,0.045454545454545456,0.05,3.5,13.0
r3-confirm-r0184,184,0.0,0.5,0.5,0.0,0.5,0.0,0.05,3.0,11.5
r3-confirm-r0185,185,0.0,1.0,1.0,0.0,1.0,0.0,0.14090909090909093,2.5,14.0
r3-confirm-r0186,186,0.0,1.0,1.0,0.5,1.0,0.045454545454545456,0.13636363636363635,2.0,13.0
r3-confirm-r0187,187,0.0,0.5,0.5,0.0,0.5,0.0,0.08333333333333333,1.5,14.0
r3-confirm-r0188,188,0.0,1.0,1.0,0.5,1.0,0.045454545454545456,0.09090909090909091,2.5,13.0
r3-confirm-r0189,189,0.0,1.0,1.0,0.5,1.0,0.045454545454545456,0.1,1.0,17.0
r3-confirm-r0190,190,0.0,0.5,0.5,0.5,0.5,0.045454545454545456,0.05,3.0,15.0
r3-confirm-r0191,191,0.0,1.0,1.0,0.5,1.0,0.045454545454545456,0.09545454545454546,3.0,11.0
r3-confirm-r0192,192,0.0,0.5,0.5,1.0,0.5,0.09090909090909091,0.09090909090909091,3.5,11.0
r3-confirm-r0193,193,0.0,0.0,0.0,0.0,1.0,0.0,0.1,4.0,11.0
r3-confirm-r0194,194,0.0,1.0,1.0,0.5,1.0,0.045454545454545456,0.09545454545454546,2.0,12.0
r3-confirm-r0195,195,0.0,1.0,1.0,0.0,1.0,0.0,0.09090909090909091,3.0,10.0
r3-confirm-r0196,196,0.0,0.5,0.5,0.0,0.5,0.0,0.09090909090909091,2.0,12.0
r3-confirm-r0197,197,0.0,1.0,1.0,0.0,1.0,0.0,0.13636363636363635,4.5,14.0
r3-confirm-r0198,198,0.0,0.5,0.5,0.5,0.5,0.045454545454545456,0.045454545454545456,3.0,11.0
r3-confirm-r0199,199,0.0,0.5,0.5,0.5,0.5,0.045454545454545456,0.045454545454545456,1.5,13.0
r3-confirm-r0200,200,0.0,1.0,1.0,0.5,1.0,0.041666666666666664,0.09090909090909091,2.5,11.0
r3-confirm-r0201,201,0.0,1.0,1.0,0.0,1.0,0.0,0.08712121212121213,2.0,12.0
r3-confirm-r0202,202,0.0,0.5,0.5,0.0,1.0,0.0,0.09545454545454546,3.0,12.0
r3-confirm-r0203,203,0.0,1.0,1.0,0.5,1.0,0.045454545454545456,0.09545454545454546,1.0,14.0
r3-confirm-r0204,204,0.0,0.0,0.0,0.5,0.0,0.045454545454545456,0.0,2.0,12.0
r3-confirm-r0205,205,0.0,0.0,0.0,0.0,0.5,0.0,0.045454545454545456,3.0,11.0
r3-confirm-r0206,206,0.0,0.5,0.5,0.5,1.0,0.045454545454545456,0.09090909090909091,4.0,9.0
r3-confirm-r0207,207,0.0,1.0,1.0,1.0,1.0,0.08712121212121213,0.13636363636363635,2.0,13.0
r3-confirm-r0208,208,0.0,1.0,1.0,0.5,1.0,0.041666666666666664,0.12878787878787878,1.0,13.0
r3-confirm-r0209,209,0.0,1.0,1.0,0.5,1.0,0.041666666666666664,0.09090909090909091,3.5,9.0
r3-confirm-r0210,210,0.0,1.0,1.0,1.0,1.0,0.09090909090909091,0.09090909090909091,1.0,13.0
r3-confirm-r0211,211,0.0,0.5,0.5,0.0,0.5,0.0,0.045454545454545456,3.5,8.5
r3-confirm-r0212,212,0.0,1.0,1.0,0.0,1.0,0.0,0.09090909090909091,2.5,10.0
r3-confirm-r0213,213,0.0,0.5,0.5,0.5,0.5,0.045454545454545456,0.045454545454545456,3.5,9.0
r3-confirm-r0214,214,0.0,1.0,1.0,0.0,1.0,0.0,0.13636363636363635,2.5,12.5
r3-confirm-r0215,215,0.0,0.5,0.5,0.5,0.5,0.045454545454545456,0.045454545454545456,2.5,11.0
r3-confirm-r0216,216,0.0,0.5,0.5,0.5,1.0,0.045454545454545456,0.09090909090909091,2.5,10.5
r3-confirm-r0217,217,0.0,0.5,0.5,0.0,0.5,0.0,0.045454545454545456,2.0,12.0
r3-confirm-r0218,218,0.0,1.0,1.0,0.5,1.0,0.045454545454545456,0.09545454545454546,3.0,14.0
r3-confirm-r0219,219,0.0,1.0,1.0,0.0,1.0,0.0,0.09090909090909091,2.5,12.0
r3-confirm-r0220,220,0.0,1.0,1.0,0.5,1.0,0.045454545454545456,0.08333333333333333,3.0,10.0
r3-confirm-r0221,221,0.0,0.5,0.5,0.5,0.5,0.045454545454545456,0.045454545454545456,2.5,13.0
r3-confirm-r0222,222,0.0,1.0,1.0,0.5,1.0,0.045454545454545456,0.1,3.0,15.0
r3-confirm-r0223,223,0.0,1.0,1.0,0.0,1.0,0.0,0.13636363636363635,2.0,12.0
r3-confirm-r0224,224,0.0,1.0,1.0,1.0,1.0,0.08333333333333333,0.09090909090909091,2.5,11.0
r3-confirm-r0225,225,0.0,1.0,1.0,0.5,1.0,0.041666666666666664,0.13636363636363635,1.5,13.0
r3-confirm-r0226,226,0.0,0.5,0.5,0.5,0.5,0.05,0.05,2.0,15.0
r3-confirm-r0227,227,0.0,1.0,1.0,0.5,1.0,0.041666666666666664,0.09090909090909091,1.5,12.0
r3-confirm-r0228,228,0.0,1.0,1.0,1.0,1.0,0.08712121212121213,0.09090909090909091,1.5,12.0
r3-confirm-r0229,229,0.0,1.0,1.0,0.5,1.0,0.045454545454545456,0.13636363636363635,2.0,13.0
r3-confirm-r0230,230,0.0,0.0,0.0,0.5,0.0,0.045454545454545456,0.0,1.0,13.0
r3-confirm-r0231,231,0.0,1.0,1.0,1.0,1.0,0.09090909090909091,0.09545454545454546,1.0,15.0
r3-confirm-r0232,232,0.0,1.0,1.0,0.0,1.0,0.0,0.09090909090909091,2.5,13.0
r3-confirm-r0233,233,0.0,1.0,1.0,0.5,1.0,0.045454545454545456,0.1,2.0,15.0
r3-confirm-r0234,234,0.0,0.0,0.0,0.0,0.0,0.0,0.0,3.5,12.5
r3-confirm-r0235,235,0.0,1.0,1.0,0.0,1.0,0.0,0.09090909090909091,2.5,11.0
r3-confirm-r0236,236,0.0,0.5,0.5,0.5,1.0,0.08333333333333333,0.09090909090909091,2.0,9.5
r3-confirm-r0237,237,0.0,0.0,0.0,0.5,0.0,0.045454545454545456,0.0,3.5,10.0
r3-confirm-r0238,238,0.0,1.0,1.0,0.5,1.0,0.045454545454545456,0.09545454545454546,3.0,15.0
r3-confirm-r0239,239,0.0,1.0,1.0,0.5,1.0,0.041666666666666664,0.09090909090909091,3.0,10.0
r3-confirm-r0240,240,0.0,1.0,1.0,0.0,1.0,0.0,0.09090909090909091,3.5,10.5
r3-confirm-r0241,241,0.0,0.5,0.5,0.5,0.5,0.05,0.1,3.5,17.0
r3-confirm-r0242,242,0.0,0.5,0.5,0.5,0.5,0.045454545454545456,0.05,3.0,13.0
r3-confirm-r0243,243,0.0,0.5,0.5,0.5,0.5,0.041666666666666664,0.041666666666666664,2.5,10.5
r3-confirm-r0244,244,0.0,1.0,1.0,0.5,1.0,0.041666666666666664,0.13636363636363635,1.5,12.0
r3-confirm-r0245,245,0.0,0.0,0.0,0.5,0.5,0.041666666666666664,0.045454545454545456,2.5,8.5
r3-confirm-r0246,246,0.0,1.0,1.0,0.0,1.0,0.0,0.08712121212121213,3.0,11.0
r3-confirm-r0247,247,0.0,0.0,0.0,0.5,0.0,0.045454545454545456,0.0,2.5,10.0
r3-confirm-r0248,248,0.0,0.0,0.0,0.0,0.5,0.0,0.05,5.0,13.0
r3-confirm-r0249,249,0.0,1.0,1.0,0.0,1.0,0.0,0.13636363636363635,1.5,12.0
r3-confirm-r0250,250,0.0,0.5,0.5,0.5,1.0,0.045454545454545456,0.13636363636363635,3.5,10.0
r3-confirm-r0251,251,0.0,1.0,1.0,0.5,1.0,0.045454545454545456,0.09090909090909091,3.0,11.0
r3-confirm-r0252,252,0.0,0.5,0.5,0.5,0.5,0.041666666666666664,0.045454545454545456,4.5,9.5
r3-confirm-r0253,253,0.0,0.5,0.5,1.0,0.5,0.09090909090909091,0.05,3.5,11.0
r3-confirm-r0254,254,0.0,1.0,1.0,1.0,1.0,0.08712121212121213,0.09090909090909091,1.0,13.0
r3-confirm-r0255,255,0.0,0.0,0.0,0.5,0.0,0.045454545454545456,0.0,2.0,11.0
r3-confirm-r0256,256,0.0,0.5,0.5,0.0,0.5,0.0,0.08333333333333333,2.0,9.0
r3-confirm-r0257,257,0.0,1.0,1.0,0.0,1.0,0.0,0.08712121212121213,3.0,10.0
r3-confirm-r0258,258,0.0,0.5,0.5,0.0,0.5,0.0,0.045454545454545456,2.0,13.0
r3-confirm-r0259,259,0.0,1.0,1.0,0.5,1.0,0.045454545454545456,0.13636363636363635,4.0,11.5
r3-confirm-r0260,260,0.0,0.5,0.5,0.0,0.5,0.0,0.045454545454545456,3.0,13.0
r3-confirm-r0261,261,0.0,1.0,1.0,0.0,1.0,0.0,0.09090909090909091,2.0,12.0
r3-confirm-r0262,262,0.0,1.0,1.0,0.0,1.0,0.0,0.09090909090909091,2.5,11.0
r3-confirm-r0263,263,0.0,1.0,1.0,0.5,1.0,0.041666666666666664,0.12878787878787878,3.0,10.0
r3-confirm-r0264,264,0.0,0.0,0.0,0.5,0.0,0.045454545454545456,0.0,3.0,11.0
r3-confirm-r0265,265,0.0,0.5,0.5,0.5,0.5,0.045454545454545456,0.045454545454545456,2.0,12.0
r3-confirm-r0266,266,0.0,0.5,0.5,0.0,1.0,0.0,0.14090909090909093,2.0,11.0
r3-confirm-r0267,267,0.0,1.0,1.0,0.5,1.0,0.041666666666666664,0.08712121212121213,2.0,10.0
r3-confirm-r0268,268,0.0,1.0,1.0,0.5,1.0,0.041666666666666664,0.09090909090909091,1.5,10.0
r3-confirm-r0269,269,0.0,0.5,0.5,0.0,0.5,0.0,0.08333333333333333,3.0,8.5
r3-confirm-r0270,270,0.0,1.0,1.0,0.5,1.0,0.045454545454545456,0.08712121212121213,1.5,9.5
r3-confirm-r0271,271,0.0,0.5,0.5,0.5,0.5,0.045454545454545456,0.045454545454545456,2.0,14.0
r3-confirm-r0272,272,0.0,1.0,1.0,0.5,1.0,0.09090909090909091,0.09090909090909091,4.5,11.0
r3-confirm-r0273,273,0.0,1.0,1.0,0.0,1.0,0.0,0.09090909090909091,2.5,13.0
r3-confirm-r0274,274,0.0,1.0,1.0,0.5,1.0,0.041666666666666664,0.13636363636363635,2.0,14.0
r3-confirm-r0275,275,0.0,1.0,1.0,0.5,1.0,0.045454545454545456,0.09090909090909091,2.0,12.0
r3-confirm-r0276,276,0.0,1.0,1.0,0.0,1.0,0.0,0.09545454545454546,1.0,11.0
r3-confirm-r0277,277,0.0,0.0,0.0,0.0,0.5,0.0,0.045454545454545456,2.0,10.5
r3-confirm-r0278,278,0.0,1.0,1.0,0.5,1.0,0.045454545454545456,0.09090909090909091,3.0,11.0
r3-confirm-r0279,279,0.0,0.5,0.5,0.5,1.0,0.041666666666666664,0.08712121212121213,2.0,10.0
r3-confirm-r0280,280,0.0,1.0,1.0,0.5,1.0,0.045454545454545456,0.18181818181818182,2.5,11.5
r3-confirm-r0281,281,0.0,1.0,1.0,1.0,1.0,0.08712121212121213,0.09090909090909091,4.0,12.0
r3-confirm-r0282,282,0.0,0.5,0.5,0.0,0.5,0.0,0.045454545454545456,2.0,13.0
r3-confirm-r0283,283,0.0,1.0,1.0,1.0,1.0,0.08333333333333333,0.09090909090909091,1.0,13.0
r3-confirm-r0284,284,0.0,0.5,0.5,0.5,0.5,0.041666666666666664,0.045454545454545456,2.0,11.0
r3-confirm-r0285,285,0.0,0.5,0.5,0.5,0.5,0.045454545454545456,0.045454545454545456,3.5,9.5
r3-confirm-r0286,286,0.0,1.0,1.0,0.5,1.0,0.041666666666666664,0.08712121212121213,2.5,10.0
r3-confirm-r0287,287,0.0,1.0,1.0,1.0,1.0,0.09090909090909091,0.09090909090909091,4.0,11.0
r3-confirm-r0288,288,0.0,1.0,1.0,0.5,1.0,0.041666666666666664,0.08712121212121213,3.0,9.0
r3-confirm-r0289,289,0.0,1.0,1.0,0.0,1.0,0.0,0.09090909090909091,2.0,12.0
r3-confirm-r0290,290,0.0,1.0,1.0,0.0,1.0,0.0,0.09090909090909091,0.5,11.0
r3-confirm-r0291,291,0.0,1.0,1.0,0.0,1.0,0.0,0.13636363636363635,2.0,12.0
r3-confirm-r0292,292,0.0,0.5,0.5,0.0,1.0,0.0,0.09090909090909091,3.5,9.0
r3-confirm-r0293,293,0.0,1.0,1.0,0.5,1.0,0.041666666666666664,0.09090909090909091,1.5,12.0
r3-confirm-r0294,294,0.0,1.0,1.0,0.0,1.0,0.0,0.09090909090909091,3.0,13.0
r3-confirm-r0295,295,0.0,1.0,1.0,0.0,1.0,0.0,0.09090909090909091,3.0,10.5
r3-confirm-r0296,296,0.0,0.5,0.5,0.5,0.5,0.041666666666666664,0.041666666666666664,2.0,12.0
r3-confirm-r0297,297,0.0,1.0,1.0,0.0,1.0,0.0,0.09090909090909091,2.5,12.0
r3-confirm-r0298,298,0.0,1.0,1.0,0.0,1.0,0.0,0.08712121212121213,2.0,11.0
r3-confirm-r0299,299,0.0,1.0,1.0,1.0,1.0,0.08712121212121213,0.09545454545454546,2.0,12.0
r3-confirm-r0300,300,0.0,1.0,1.0,0.0,1.0,0.0,0.09090909090909091,3.0,11.0
r3-confirm-r0301,301,0.0,1.0,1.0,0.0,1.0,0.0,0.09090909090909091,2.5,11.0
r3-confirm-r0302,302,0.0,1.0,1.0,0.5,1.0,0.045454545454545456,0.09090909090909091,4.0,10.0
r3-confirm-r0303,303,0.0,1.0,1.0,0.0,1.0,0.0,0.12878787878787878,2.5,10.0
r3-confirm-r0304,304,0.0,1.0,1.0,0.0,1.0,0.0,0.09090909090909091,1.0,10.0
r3-confirm-r0305,305,0.0,1.0,1.0,0.5,1.0,0.045454545454545456,0.13636363636363635,1.0,12.0
r3-confirm-r0306,306,0.0,1.0,1.0,0.5,1.0,0.045454545454545456,0.13636363636363635,2.0,12.0
r3-confirm-r0307,307,0.0,1.0,1.0,0.0,1.0,0.0,0.12878787878787878,2.0,11.0
r3-confirm-r0308,308,0.0,1.0,1.0,0.0,1.0,0.0,0.13636363636363635,1.5,12.0
r3-confirm-r0309,309,0.0,0.0,0.0,0.5,0.0,0.045454545454545456,0.0,2.5,12.0
r3-confirm-r0310,310,0.0,0.5,0.5,0.0,0.5,0.0,0.045454545454545456,2.0,12.0
r3-confirm-r0311,311,0.0,1.0,1.0,0.0,1.0,0.0,0.09090909090909091,2.5,11.0
r3-confirm-r0312,312,0.0,0.5,0.5,1.0,1.0,0.09090909090909091,0.13636363636363635,3.0,11.0
r3-confirm-r0313,313,0.0,0.5,0.5,0.5,0.5,0.041666666666666664,0.045454545454545456,1.5,11.0
r3-confirm-r0314,314,0.0,0.5,0.5,1.0,0.5,0.09090909090909091,0.045454545454545456,2.0,13.0
r3-confirm-r0315,315,0.0,0.5,0.5,0.5,0.5,0.041666666666666664,0.08333333333333333,2.0,10.0
r3-confirm-r0316,316,0.0,1.0,1.0,0.0,1.0,0.0,0.09545454545454546,2.0,12.0
r3-confirm-r0317,317,0.0,0.5,0.5,0.0,1.0,0.0,0.08333333333333333,3.5,10.5
r3-confirm-r0318,318,0.5,1.0,0.5,0.5,1.0,0.041666666666666664,0.08712121212121213,3.0,12.0
r3-confirm-r0319,319,0.0,1.0,1.0,0.0,1.0,0.0,0.09090909090909091,1.0,12.0
r3-confirm-r0320,320,0.0,1.0,1.0,1.0,1.0,0.09090909090909091,0.09090909090909091,2.0,13.0
r3-confirm-r0321,321,0.0,0.0,0.0,0.5,0.0,0.08333333333333333,0.0,3.0,11.5
r3-confirm-r0322,322,0.0,1.0,1.0,0.5,1.0,0.041666666666666664,0.16666666666666666,2.0,10.5
r3-confirm-r0323,323,0.0,1.0,1.0,0.0,1.0,0.0,0.1,4.5,13.5
r3-confirm-r0324,324,0.0,0.5,0.5,0.0,0.5,0.0,0.05,4.0,12.0
r3-confirm-r0325,325,0.0,1.0,1.0,0.0,1.0,0.0,0.09090909090909091,3.0,12.5
r3-confirm-r0326,326,0.0,1.0,1.0,0.5,1.0,0.045454545454545456,0.09090909090909091,5.5,11.0
r3-confirm-r0327,327,0.0,0.5,0.5,0.5,0.5,0.045454545454545456,0.045454545454545456,2.5,12.0
r3-confirm-r0328,328,0.0,1.0,1.0,0.5,1.0,0.045454545454545456,0.09090909090909091,1.5,12.0
r3-confirm-r0329,329,0.0,0.0,0.0,0.0,0.0,0.0,0.0,0.5,11.0
r3-confirm-r0330,330,0.0,0.0,0.0,0.0,0.0,0.0,0.0,6.5,13.0
r3-confirm-r0331,331,0.0,0.5,0.5,0.0,0.5,0.0,0.045454545454545456,2.5,11.5
r3-confirm-r0332,332,0.0,0.5,0.5,0.0,0.5,0.0,0.045454545454545456,2.5,11.5
r3-confirm-r0333,333,0.0,0.0,0.0,1.0,0.0,0.08712121212121213,0.0,3.0,12.0
r3-confirm-r0334,334,0.0,0.0,0.0,0.0,0.5,0.0,0.045454545454545456,2.0,11.0
r3-confirm-r0335,335,0.0,1.0,1.0,0.5,1.0,0.045454545454545456,0.09090909090909091,4.5,12.0
r3-confirm-r0336,336,0.0,0.5,0.5,0.5,0.5,0.045454545454545456,0.05,1.0,12.0
r3-confirm-r0337,337,0.0,0.5,0.5,0.5,0.5,0.045454545454545456,0.09090909090909091,1.5,12.0
r3-confirm-r0338,338,0.0,0.5,0.5,0.0,0.5,0.0,0.045454545454545456,3.0,10.0
r3-confirm-r0339,339,0.0,0.5,0.5,0.0,0.5,0.0,0.045454545454545456,2.5,13.0
r3-confirm-r0340,340,0.0,0.5,0.5,0.5,1.0,0.045454545454545456,0.08712121212121213,3.0,12.0
r3-confirm-r0341,341,0.0,0.5,0.5,1.0,0.5,0.08712121212121213,0.09090909090909091,1.0,13.0
r3-confirm-r0342,342,0.0,0.5,0.5,0.0,0.5,0.0,0.09090909090909091,2.0,11.0
r3-confirm-r0343,343,0.0,1.0,1.0,1.0,1.0,0.08333333333333333,0.09090909090909091,2.5,13.0
r3-confirm-r0344,344,0.0,1.0,1.0,0.5,1.0,0.08333333333333333,0.125,2.0,12.0
r3-confirm-r0345,345,0.0,0.5,0.5,0.5,1.0,0.045454545454545456,0.09090909090909091,4.5,9.0
r3-confirm-r0346,346,0.0,0.5,0.5,0.0,0.5,0.0,0.09090909090909091,1.5,13.0
r3-confirm-r0347,347,0.0,0.5,0.5,1.0,0.5,0.08333333333333333,0.045454545454545456,1.5,10.0
r3-confirm-r0348,348,0.0,0.0,0.0,1.0,0.0,0.08333333333333333,0.0,2.5,12.0
r3-confirm-r0349,349,0.0,1.0,1.0,1.0,1.0,0.09090909090909091,0.1,1.0,15.0
r3-confirm-r0350,350,0.0,0.0,0.0,0.5,0.5,0.045454545454545456,0.045454545454545456,3.0,11.0
r3-confirm-r0351,351,0.0,0.0,0.0,0.0,0.0,0.0,0.0,2.0,11.0
r3-confirm-r0352,352,0.0,0.5,0.5,0.0,0.5,0.0,0.045454545454545456,3.5,10.0
r3-confirm-r0353,353,0.0,1.0,1.0,0.0,1.0,0.0,0.09090909090909091,1.5,12.0
r3-confirm-r0354,354,0.0,1.0,1.0,0.0,1.0,0.0,0.09090909090909091,2.5,9.0
r3-confirm-r0355,355,0.0,1.0,1.0,0.5,1.0,0.045454545454545456,0.09090909090909091,2.0,10.0
r3-confirm-r0356,356,0.0,0.5,0.5,0.0,0.5,0.0,0.041666666666666664,2.0,11.0
r3-confirm-r0357,357,0.0,1.0,1.0,0.5,1.0,0.045454545454545456,0.14545454545454545,3.0,13.0
r3-confirm-r0358,358,0.0,0.5,0.5,1.0,0.5,0.09090909090909091,0.045454545454545456,2.0,13.0
r3-confirm-r0359,359,0.0,1.0,1.0,0.5,1.0,0.041666666666666664,0.09090909090909091,0.5,13.5
r3-confirm-r0360,360,0.0,0.0,0.0,0.0,0.0,0.0,0.0,1.5,11.0
r3-confirm-r0361,361,0.0,0.5,0.5,0.0,0.5,0.0,0.05,1.5,14.0
r3-confirm-r0362,362,0.0,1.0,1.0,0.5,1.0,0.08333333333333333,0.12878787878787878,2.0,12.0
r3-confirm-r0363,363,0.0,0.0,0.0,0.0,0.5,0.0,0.045454545454545456,1.0,11.0
r3-confirm-r0364,364,0.0,0.5,0.5,0.0,0.5,0.0,0.045454545454545456,1.5,12.0
r3-confirm-r0365,365,0.0,1.0,1.0,0.5,1.0,0.045454545454545456,0.08712121212121213,2.5,12.0
r3-confirm-r0366,366,0.0,1.0,1.0,0.5,1.0,0.045454545454545456,0.18181818181818182,3.0,9.0
r3-confirm-r0367,367,0.0,1.0,1.0,0.0,1.0,0.0,0.13636363636363635,1.5,10.0
r3-confirm-r0368,368,0.0,1.0,1.0,1.0,1.0,0.09090909090909091,0.13636363636363635,2.5,12.0
r3-confirm-r0369,369,0.0,1.0,1.0,0.5,1.0,0.041666666666666664,0.09090909090909091,1.5,11.0
r3-confirm-r0370,370,0.0,0.0,0.0,0.5,0.0,0.08333333333333333,0.0,3.0,10.0
r3-confirm-r0371,371,0.0,0.5,0.5,0.5,0.5,0.08333333333333333,0.045454545454545456,1.0,11.0
r3-confirm-r0372,372,0.0,0.5,0.5,0.5,0.5,0.041666666666666664,0.041666666666666664,3.0,10.0
r3-confirm-r0373,373,0.0,0.5,0.5,0.5,0.5,0.05,0.1,1.5,14.5
r3-confirm-r0374,374,0.0,0.5,0.5,0.5,0.5,0.045454545454545456,0.09090909090909091,1.5,12.0
r3-confirm-r0375,375,0.0,1.0,1.0,0.5,1.0,0.045454545454545456,0.08712121212121213,2.5,11.5
r3-confirm-r0376,376,0.0,0.0,0.0,0.0,0.0,0.0,0.0,3.0,11.0
r3-confirm-r0377,377,0.0,0.5,0.5,0.5,0.5,0.041666666666666664,0.045454545454545456,2.0,11.0
r3-confirm-r0378,378,0.0,1.0,1.0,0.0,1.0,0.0,0.09090909090909091,2.0,11.0
r3-confirm-r0379,379,0.0,0.5,0.5,1.0,0.5,0.09090909090909091,0.045454545454545456,3.0,11.0
r3-confirm-r0380,380,0.0,0.0,0.0,0.5,0.5,0.041666666666666664,0.045454545454545456,2.5,10.0
r3-confirm-r0381,381,0.0,1.0,1.0,0.0,1.0,0.0,0.09545454545454546,3.0,11.5
r3-confirm-r0382,382,0.0,0.0,0.0,1.0,0.0,0.09090909090909091,0.0,3.5,11.0
r3-confirm-r0383,383,0.0,1.0,1.0,1.0,1.0,0.09090909090909091,0.09090909090909091,3.0,12.0
r3-confirm-r0384,384,0.0,0.5,0.5,0.0,0.5,0.0,0.09090909090909091,3.0,10.0
r3-confirm-r0385,385,0.0,1.0,1.0,0.5,1.0,0.045454545454545456,0.09090909090909091,4.0,11.0
r3-confirm-r0386,386,0.0,1.0,1.0,0.0,1.0,0.0,0.09090909090909091,1.5,10.0
r3-confirm-r0387,387,0.0,1.0,1.0,0.0,1.0,0.0,0.1,3.0,14.0
r3-confirm-r0388,388,0.0,1.0,1.0,0.5,1.0,0.045454545454545456,0.09090909090909091,3.5,12.0
r3-confirm-r0389,389,0.0,1.0,1.0,0.5,1.0,0.041666666666666664,0.09090909090909091,2.5,12.0
r3-confirm-r0390,390,0.0,1.0,1.0,0.0,1.0,0.0,0.09090909090909091,3.0,10.0
r3-confirm-r0391,391,0.0,1.0,1.0,0.0,1.0,0.0,0.08712121212121213,0.0,12.5
r3-confirm-r0392,392,0.0,1.0,1.0,0.5,1.0,0.041666666666666664,0.09166666666666667,0.5,11.0
r3-confirm-r0393,393,0.0,0.0,0.0,0.0,0.5,0.0,0.045454545454545456,3.0,10.0
r3-confirm-r0394,394,0.0,0.5,0.5,0.5,1.0,0.045454545454545456,0.09090909090909091,2.5,11.0
r3-confirm-r0395,395,0.0,1.0,1.0,0.5,1.0,0.08333333333333333,0.13636363636363635,1.5,11.0
r3-confirm-r0396,396,0.0,1.0,1.0,0.0,1.0,0.0,0.18181818181818182,2.5,12.0
r3-confirm-r0397,397,0.0,1.0,1.0,0.5,1.0,0.041666666666666664,0.12878787878787878,3.5,9.5
r3-confirm-r0398,398,0.5,0.5,0.0,1.0,1.0,0.08333333333333333,0.09090909090909091,3.0,9.0
r3-confirm-r0399,399,0.0,0.0,0.0,1.0,0.0,0.13257575757575757,0.0,3.0,12.0
r3-confirm-r0400,400,0.0,1.0,1.0,0.0,1.0,0.0,0.13636363636363635,3.0,12.0
r3-confirm-r0401,401,0.0,1.0,1.0,0.0,1.0,0.0,0.18181818181818182,4.0,12.0
r3-confirm-r0402,402,0.0,0.5,0.5,0.5,0.5,0.045454545454545456,0.045454545454545456,3.5,10.0
r3-confirm-r0403,403,0.0,1.0,1.0,0.0,1.0,0.0,0.09090909090909091,3.5,10.0
r3-confirm-r0404,404,0.0,1.0,1.0,0.5,1.0,0.045454545454545456,0.09090909090909091,2.5,10.0
r3-confirm-r0405,405,0.0,0.0,0.0,0.0,0.0,0.0,0.0,1.5,10.5
r3-confirm-r0406,406,0.0,0.5,0.5,0.0,1.0,0.0,0.09090909090909091,1.5,11.0
r3-confirm-r0407,407,0.0,1.0,1.0,0.0,1.0,0.0,0.13636363636363635,2.5,13.5
r3-confirm-r0408,408,0.0,0.5,0.5,0.5,0.5,0.041666666666666664,0.09090909090909091,2.0,10.0
r3-confirm-r0409,409,0.0,1.0,1.0,0.5,1.0,0.045454545454545456,0.14090909090909093,3.0,14.5
r3-confirm-r0410,410,0.0,1.0,1.0,1.0,1.0,0.08712121212121213,0.13636363636363635,2.5,12.0
r3-confirm-r0411,411,0.0,1.0,1.0,1.0,1.0,0.09090909090909091,0.1,1.5,15.0
r3-confirm-r0412,412,0.0,0.5,0.5,0.5,0.5,0.045454545454545456,0.045454545454545456,2.5,11.0
r3-confirm-r0413,413,0.0,1.0,1.0,0.0,1.0,0.0,0.12878787878787878,0.5,14.0
r3-confirm-r0414,414,0.0,1.0,1.0,0.0,1.0,0.0,0.09090909090909091,0.0,14.0
r3-confirm-r0415,415,0.0,0.5,0.5,0.5,0.5,0.045454545454545456,0.045454545454545456,2.0,11.5
r3-confirm-r0416,416,0.0,0.5,0.5,0.5,0.5,0.041666666666666664,0.08333333333333333,2.0,11.0
r3-confirm-r0417,417,0.0,1.0,1.0,0.0,1.0,0.0,0.09090909090909091,2.0,11.0
r3-confirm-r0418,418,0.0,0.5,0.5,0.5,0.5,0.045454545454545456,0.08333333333333333,1.5,10.5
r3-confirm-r0419,419,0.0,0.0,0.0,0.0,0.0,0.0,0.0,2.0,12.0
r3-confirm-r0420,420,0.0,0.5,0.5,0.5,1.0,0.045454545454545456,0.09090909090909091,3.5,12.0
r3-confirm-r0421,421,0.0,0.0,0.0,0.0,0.0,0.0,0.0,6.0,11.0
r3-confirm-r0422,422,0.0,0.5,0.5,0.0,1.0,0.0,0.1,2.0,12.5
r3-confirm-r0423,423,0.0,0.5,0.5,1.0,0.5,0.09090909090909091,0.045454545454545456,2.5,11.0
r3-confirm-r0424,424,0.0,1.0,1.0,0.5,1.0,0.045454545454545456,0.09090909090909091,2.0,12.0
r3-confirm-r0425,425,0.5,0.5,0.0,1.0,1.0,0.09090909090909091,0.18181818181818182,4.5,11.0
r3-confirm-r0426,426,0.0,0.5,0.5,0.5,0.5,0.045454545454545456,0.09090909090909091,2.5,12.0
r3-confirm-r0427,427,0.0,1.0,1.0,0.0,1.0,0.0,0.09090909090909091,5.5,9.0
r3-confirm-r0428,428,0.0,1.0,1.0,0.0,1.0,0.0,0.1,3.0,12.5
r3-confirm-r0429,429,0.0,0.5,0.5,0.5,1.0,0.041666666666666664,0.09090909090909091,2.5,11.0
r3-confirm-r0430,430,0.0,1.0,1.0,0.5,1.0,0.045454545454545456,0.09090909090909091,2.0,12.0
r3-confirm-r0431,431,0.0,0.5,0.5,0.0,0.5,0.0,0.045454545454545456,1.0,13.0
r3-confirm-r0432,432,0.0,1.0,1.0,1.0,1.0,0.13636363636363635,0.18181818181818182,3.0,12.0
r3-confirm-r0433,433,0.0,1.0,1.0,0.0,1.0,0.0,0.13636363636363635,4.0,12.0
r3-confirm-r0434,434,0.0,0.5,0.5,0.5,1.0,0.045454545454545456,0.09545454545454546,3.0,12.0
r3-confirm-r0435,435,0.0,0.0,0.0,0.0,0.0,0.0,0.0,3.5,13.0
r3-confirm-r0436,436,0.0,1.0,1.0,0.5,1.0,0.045454545454545456,0.09090909090909091,3.0,13.0
r3-confirm-r0437,437,0.0,0.5,0.5,0.0,0.5,0.0,0.08333333333333333,2.0,11.0
r3-confirm-r0438,438,0.0,1.0,1.0,0.0,1.0,0.0,0.09545454545454546,3.0,12.5
r3-confirm-r0439,439,0.0,0.5,0.5,0.0,1.0,0.0,0.09545454545454546,2.0,13.0
r3-confirm-r0440,440,0.0,1.0,1.0,0.0,1.0,0.0,0.12878787878787878,3.0,11.0
r3-confirm-r0441,441,0.0,0.0,0.0,0.5,0.0,0.05,0.0,6.0,13.0
r3-confirm-r0442,442,0.0,0.5,0.5,0.0,0.5,0.0,0.045454545454545456,3.5,11.0
r3-confirm-r0443,443,0.0,1.0,1.0,0.5,1.0,0.045454545454545456,0.13636363636363635,3.5,11.0
r3-confirm-r0444,444,0.0,1.0,1.0,0.5,1.0,0.05,0.10555555555555556,3.0,14.5
r3-confirm-r0445,445,0.0,0.5,0.5,0.0,0.5,0.0,0.045454545454545456,2.0,11.0
r3-confirm-r0446,446,0.0,1.0,1.0,0.5,1.0,0.041666666666666664,0.09090909090909091,2.0,11.5
r3-confirm-r0447,447,0.0,1.0,1.0,0.5,1.0,0.045454545454545456,0.09090909090909091,1.5,12.0
r3-confirm-r0448,448,0.0,1.0,1.0,0.0,1.0,0.0,0.09090909090909091,2.5,12.0
r3-confirm-r0449,449,0.0,0.0,0.0,0.5,0.5,0.045454545454545456,0.045454545454545456,1.5,10.0
r3-confirm-r0450,450,0.0,1.0,1.0,0.0,1.0,0.0,0.13636363636363635,3.5,12.0
r3-confirm-r0451,451,0.0,0.5,0.5,0.0,0.5,0.0,0.045454545454545456,2.0,12.0
r3-confirm-r0452,452,0.0,1.0,1.0,0.0,1.0,0.0,0.1,1.0,12.0
r3-confirm-r0453,453,0.0,1.0,1.0,0.5,1.0,0.045454545454545456,0.09545454545454546,3.0,12.0
r3-confirm-r0454,454,0.0,1.0,1.0,0.0,1.0,0.0,0.09090909090909091,2.5,10.0
r3-confirm-r0455,455,0.0,1.0,1.0,0.0,1.0,0.0,0.09090909090909091,1.0,13.0
r3-confirm-r0456,456,0.5,0.5,0.0,0.5,0.5,0.041666666666666664,0.08333333333333333,3.0,10.0
r3-confirm-r0457,457,0.0,0.5,0.5,1.0,0.5,0.09090909090909091,0.09090909090909091,2.0,15.0
r3-confirm-r0458,458,0.0,0.5,0.5,0.5,0.5,0.041666666666666664,0.08333333333333333,2.5,9.0
r3-confirm-r0459,459,0.0,0.5,0.5,0.5,0.5,0.045454545454545456,0.09090909090909091,2.0,11.5
r3-confirm-r0460,460,0.0,0.5,0.5,0.5,0.5,0.045454545454545456,0.09090909090909091,3.0,12.0
r3-confirm-r0461,461,0.0,0.5,0.5,0.0,0.5,0.0,0.045454545454545456,4.0,10.0
r3-confirm-r0462,462,0.0,0.0,0.0,0.5,0.0,0.045454545454545456,0.0,3.0,9.0
r3-confirm-r0463,463,0.0,0.5,0.5,0.5,0.5,0.045454545454545456,0.045454545454545456,3.0,10.5
r3-confirm-r0464,464,0.0,0.5,0.5,1.0,0.5,0.09090909090909091,0.045454545454545456,2.5,13.5
r3-confirm-r0465,465,0.0,0.5,0.5,1.0,0.5,0.09090909090909091,0.045454545454545456,1.0,14.0
r3-confirm-r0466,466,0.0,0.0,0.0,0.0,0.5,0.0,0.05,4.5,13.0
r3-confirm-r0467,467,0.0,0.5,0.5,0.5,0.5,0.045454545454545456,0.045454545454545456,3.0,12.0
r3-confirm-r0468,468,0.0,0.5,0.5,0.0,0.5,0.0,0.045454545454545456,3.0,12.0
r3-confirm-r0469,469,0.5,1.0,0.5,0.5,1.0,0.045454545454545456,0.14090909090909093,4.0,13.0
r3-confirm-r0470,470,0.0,1.0,1.0,0.5,1.0,0.08333333333333333,0.09090909090909091,2.0,14.0
r3-confirm-r0471,471,0.0,1.0,1.0,1.0,1.0,0.09090909090909091,0.09090909090909091,3.0,13.0
r3-confirm-r0472,472,0.0,1.0,1.0,0.0,1.0,0.0,0.09090909090909091,1.5,12.0
r3-confirm-r0473,473,0.0,1.0,1.0,0.5,1.0,0.045454545454545456,0.09545454545454546,3.5,12.5
r3-confirm-r0474,474,0.0,1.0,1.0,0.5,1.0,0.05,0.09090909090909091,2.5,13.0
r3-confirm-r0475,475,0.0,0.5,0.5,0.0,0.5,0.0,0.045454545454545456,3.0,11.0
r3-confirm-r0476,476,0.0,1.0,1.0,0.0,1.0,0.0,0.13636363636363635,2.0,13.0
r3-confirm-r0477,477,0.0,0.0,0.0,0.5,1.0,0.041666666666666664,0.09090909090909091,3.0,9.0
r3-confirm-r0478,478,0.0,0.5,0.5,0.5,0.5,0.041666666666666664,0.045454545454545456,2.5,10.0
r3-confirm-r0479,479,0.0,1.0,1.0,0.0,1.0,0.0,0.09545454545454546,3.0,13.0
r3-confirm-r0480,480,0.0,0.0,0.0,0.0,0.0,0.0,0.0,2.5,10.0
r3-confirm-r0481,481,0.0,0.5,0.5,0.5,0.5,0.041666666666666664,0.045454545454545456,2.5,12.0
r3-confirm-r0482,482,0.0,0.5,0.5,0.0,1.0,0.0,0.09090909090909091,2.0,11.0
r3-confirm-r0483,483,0.0,1.0,1.0,0.5,1.0,0.045454545454545456,0.14090909090909093,3.0,13.0
r3-confirm-r0484,484,0.0,0.5,0.5,0.5,0.5,0.045454545454545456,0.09090909090909091,2.5,11.0
r3-confirm-r0485,485,0.0,1.0,1.0,1.0,1.0,0.09090909090909091,0.09090909090909091,2.5,13.0
r3-confirm-r0486,486,0.0,1.0,1.0,0.0,1.0,0.0,0.09090909090909091,2.0,11.0
r3-confirm-r0487,487,0.0,1.0,1.0,0.0,1.0,0.0,0.12878787878787878,3.0,10.0
r3-confirm-r0488,488,0.0,0.5,0.5,0.5,0.5,0.045454545454545456,0.045454545454545456,2.0,13.0
r3-confirm-r0489,489,0.0,0.5,0.5,0.0,0.5,0.0,0.041666666666666664,3.5,9.0
r3-confirm-r0490,490,0.0,1.0,1.0,0.0,1.0,0.0,0.09090909090909091,1.5,11.0
r3-confirm-r0491,491,0.0,1.0,1.0,1.0,1.0,0.09090909090909091,0.13636363636363635,2.0,12.0
r3-confirm-r0492,492,0.0,1.0,1.0,0.0,1.0,0.0,0.09545454545454546,2.0,14.0
r3-confirm-r0493,493,0.0,1.0,1.0,0.0,1.0,0.0,0.09090909090909091,4.0,10.0
r3-confirm-r0494,494,0.0,0.5,0.5,1.0,0.5,0.08333333333333333,0.045454545454545456,0.0,13.0
r3-confirm-r0495,495,0.0,0.5,0.5,0.5,0.5,0.045454545454545456,0.045454545454545456,3.0,11.0
r3-confirm-r0496,496,0.0,0.0,0.0,0.5,0.5,0.041666666666666664,0.045454545454545456,3.0,8.0
r3-confirm-r0497,497,0.0,0.5,0.5,0.5,0.5,0.05,0.05,5.0,12.0
r3-confirm-r0498,498,0.0,0.5,0.5,0.0,1.0,0.0,0.125,2.0,10.0
r3-confirm-r0499,499,0.0,1.0,1.0,1.0,1.0,0.09090909090909091,0.12878787878787878,2.0,14.5
r3-confirm-r0500,500,0.0,0.5,0.5,1.0,0.5,0.08712121212121213,0.041666666666666664,2.0,10.5
r3-confirm-r0501,501,0.0,1.0,1.0,1.0,1.0,0.09090909090909091,0.13636363636363635,2.0,14.0
r3-confirm-r0502,502,0.0,1.0,1.0,0.0,1.0,0.0,0.08333333333333333,2.5,10.0
r3-confirm-r0503,503,0.0,1.0,1.0,0.0,1.0,0.0,0.09545454545454546,1.0,12.0
r3-confirm-r0504,504,0.0,1.0,1.0,0.0,1.0,0.0,0.13636363636363635,2.5,12.0
r3-confirm-r0505,505,0.0,0.5,0.5,0.5,0.5,0.045454545454545456,0.045454545454545456,3.0,12.0
r3-confirm-r0506,506,0.0,1.0,1.0,0.0,1.0,0.0,0.13636363636363635,1.0,12.0
r3-confirm-r0507,507,0.0,1.0,1.0,0.5,1.0,0.045454545454545456,0.15000000000000002,3.0,13.5
r3-confirm-r0508,508,0.0,1.0,1.0,0.0,1.0,0.0,0.1,3.5,14.5
r3-confirm-r0509,509,0.0,1.0,1.0,0.5,1.0,0.045454545454545456,0.09545454545454546,3.0,15.0
r3-confirm-r0510,510,0.0,0.0,0.0,0.0,1.0,0.0,0.1,6.0,11.0
r3-confirm-r0511,511,0.5,1.0,0.5,1.0,1.0,0.08333333333333333,0.125,4.5,8.0
r3-confirm-r0512,512,0.0,1.0,1.0,0.5,1.0,0.041666666666666664,0.12878787878787878,3.0,11.0
r3-confirm-r0513,513,0.0,1.0,1.0,0.0,1.0,0.0,0.13636363636363635,3.0,11.0
r3-confirm-r0514,514,0.0,0.0,0.0,0.0,0.5,0.0,0.045454545454545456,2.0,10.0
r3-confirm-r0515,515,0.0,0.5,0.5,0.0,1.0,0.0,0.09545454545454546,1.0,13.0
r3-confirm-r0516,516,0.0,0.5,0.5,0.5,0.5,0.045454545454545456,0.045454545454545456,3.5,11.0
r3-confirm-r0517,517,0.0,1.0,1.0,0.0,1.0,0.0,0.12878787878787878,2.0,12.0
r3-confirm-r0518,518,0.0,0.5,0.5,0.0,0.5,0.0,0.045454545454545456,2.5,12.0
r3-confirm-r0519,519,0.0,1.0,1.0,1.0,1.0,0.09090909090909091,0.09090909090909091,2.5,13.0
r3-confirm-r0520,520,0.0,1.0,1.0,0.0,1.0,0.0,0.09090909090909091,3.0,10.0
r3-confirm-r0521,521,0.0,0.5,0.5,0.5,0.5,0.041666666666666664,0.08333333333333333,2.5,10.0
r3-confirm-r0522,522,0.0,0.5,0.5,0.5,0.5,0.08333333333333333,0.045454545454545456,1.0,13.0
r3-confirm-r0523,523,0.0,1.0,1.0,0.0,1.0,0.0,0.13636363636363635,1.5,12.0
r3-confirm-r0524,524,0.0,1.0,1.0,0.0,1.0,0.0,0.13636363636363635,1.0,11.5
r3-confirm-r0525,525,0.0,1.0,1.0,0.0,1.0,0.0,0.13636363636363635,2.0,11.0
r3-confirm-r0526,526,0.5,0.5,0.0,0.5,1.0,0.08333333333333333,0.09090909090909091,3.5,11.0
r3-confirm-r0527,527,0.0,0.5,0.5,0.0,1.0,0.0,0.13636363636363635,4.0,10.0
r3-confirm-r0528,528,0.0,1.0,1.0,0.5,1.0,0.045454545454545456,0.09090909090909091,3.0,11.0
r3-confirm-r0529,529,0.0,0.5,0.5,0.0,0.5,0.0,0.045454545454545456,2.0,10.0
r3-confirm-r0530,530,0.0,0.5,0.5,1.0,0.5,0.09090909090909091,0.05,2.5,13.0
r3-confirm-r0531,531,0.0,0.0,0.0,0.0,1.0,0.0,0.12878787878787878,4.5,9.0
r3-confirm-r0532,532,0.0,0.5,0.5,0.5,0.5,0.045454545454545456,0.045454545454545456,3.0,12.0
r3-confirm-r0533,533,0.0,0.5,0.5,0.5,0.5,0.041666666666666664,0.041666666666666664,2.0,10.0
r3-confirm-r0534,534,0.0,0.0,0.0,0.5,0.5,0.041666666666666664,0.045454545454545456,4.0,9.0
r3-confirm-r0535,535,0.0,0.5,0.5,1.0,1.0,0.08333333333333333,0.08712121212121213,2.0,10.0
r3-confirm-r0536,536,0.0,0.5,0.5,0.5,1.0,0.041666666666666664,0.12878787878787878,2.0,11.0
r3-confirm-r0537,537,0.0,1.0,1.0,0.0,1.0,0.0,0.09090909090909091,3.0,10.5
r3-confirm-r0538,538,0.0,1.0,1.0,0.0,1.0,0.0,0.13636363636363635,4.0,12.0
r3-confirm-r0539,539,0.0,1.0,1.0,0.0,1.0,0.0,0.09090909090909091,2.0,10.0
r3-confirm-r0540,540,0.0,0.0,0.0,1.0,0.0,0.12878787878787878,0.0,1.5,12.0
r3-confirm-r0541,541,0.0,1.0,1.0,0.5,1.0,0.045454545454545456,0.14545454545454545,3.0,12.0
r3-confirm-r0542,542,0.0,0.5,0.5,1.0,0.5,0.08712121212121213,0.045454545454545456,3.0,13.0
r3-confirm-r0543,543,0.5,0.0,-0.5,0.5,0.5,0.041666666666666664,0.045454545454545456,3.5,9.5
r3-confirm-r0544,544,0.0,1.0,1.0,0.5,1.0,0.041666666666666664,0.125,2.0,9.0
r3-confirm-r0545,545,0.0,0.5,0.5,0.5,0.5,0.045454545454545456,0.041666666666666664,2.0,12.0
r3-confirm-r0546,546,0.0,1.0,1.0,1.0,1.0,0.08333333333333333,0.08712121212121213,2.0,11.0
r3-confirm-r0547,547,0.0,1.0,1.0,0.0,1.0,0.0,0.09090909090909091,2.0,13.5
r3-confirm-r0548,548,0.0,1.0,1.0,0.5,1.0,0.041666666666666664,0.09090909090909091,2.0,11.0
r3-confirm-r0549,549,0.0,0.5,0.5,0.0,0.5,0.0,0.045454545454545456,1.0,13.0
r3-confirm-r0550,550,0.0,0.5,0.5,0.5,0.5,0.041666666666666664,0.045454545454545456,2.0,10.0
r3-confirm-r0551,551,0.0,1.0,1.0,0.0,1.0,0.0,0.09090909090909091,1.0,12.0
r3-confirm-r0552,552,0.0,0.5,0.5,0.5,0.5,0.041666666666666664,0.045454545454545456,3.5,11.0
r3-confirm-r0553,553,0.0,1.0,1.0,0.5,1.0,0.041666666666666664,0.09090909090909091,0.5,13.0
r3-confirm-r0554,554,0.0,0.5,0.5,0.0,0.5,0.0,0.05,3.0,14.0
r3-confirm-r0555,555,0.0,1.0,1.0,0.5,1.0,0.045454545454545456,0.09090909090909091,3.0,11.0
r3-confirm-r0556,556,0.0,1.0,1.0,0.0,1.0,0.0,0.13636363636363635,2.0,13.0
r3-confirm-r0557,557,0.0,0.5,0.5,0.0,0.5,0.0,0.045454545454545456,3.5,10.0
r3-confirm-r0558,558,0.0,1.0,1.0,0.0,1.0,0.0,0.09090909090909091,2.0,12.0
r3-confirm-r0559,559,0.0,0.0,0.0,0.5,0.0,0.041666666666666664,0.0,3.0,10.0
r3-confirm-r0560,560,0.0,0.5,0.5,0.0,0.5,0.0,0.045454545454545456,2.5,11.0
r3-confirm-r0561,561,0.0,1.0,1.0,0.5,1.0,0.041666666666666664,0.13636363636363635,2.0,10.0
r3-confirm-r0562,562,0.0,1.0,1.0,0.0,1.0,0.0,0.09090909090909091,3.0,11.0
r3-confirm-r0563,563,0.0,0.5,0.5,0.5,0.5,0.045454545454545456,0.045454545454545456,3.0,12.0
r3-confirm-r0564,564,0.0,1.0,1.0,1.0,1.0,0.09090909090909091,0.09090909090909091,3.0,11.0
r3-confirm-r0565,565,0.0,0.0,0.0,0.5,0.5,0.09090909090909091,0.045454545454545456,2.0,13.0
r3-confirm-r0566,566,0.0,1.0,1.0,0.0,1.0,0.0,0.09545454545454546,3.0,12.0
r3-confirm-r0567,567,0.0,1.0,1.0,0.5,1.0,0.045454545454545456,0.13636363636363635,4.5,13.0
r3-confirm-r0568,568,0.0,0.5,0.5,0.0,0.5,0.0,0.045454545454545456,2.0,10.5
r3-confirm-r0569,569,0.0,0.0,0.0,0.5,0.0,0.045454545454545456,0.0,1.5,14.0
r3-confirm-r0570,570,0.0,1.0,1.0,0.0,1.0,0.0,0.13257575757575757,3.0,11.0
r3-confirm-r0571,571,0.0,0.5,0.5,0.5,1.0,0.045454545454545456,0.1,2.5,12.0
r3-confirm-r0572,572,0.0,0.0,0.0,0.5,0.5,0.041666666666666664,0.045454545454545456,1.5,9.0
r3-confirm-r0573,573,0.0,1.0,1.0,0.5,1.0,0.045454545454545456,0.09090909090909091,3.5,10.5
r3-confirm-r0574,574,0.0,0.5,0.5,0.5,1.0,0.041666666666666664,0.08712121212121213,2.0,12.0
r3-confirm-r0575,575,0.0,1.0,1.0,0.0,1.0,0.0,0.09090909090909091,3.0,10.0
r3-confirm-r0576,576,0.0,0.5,0.5,0.5,0.5,0.05,0.05,5.0,12.0
r3-confirm-r0577,577,0.0,1.0,1.0,0.5,1.0,0.041666666666666664,0.09090909090909091,2.5,11.0
r3-confirm-r0578,578,0.0,1.0,1.0,0.0,1.0,0.0,0.09545454545454546,1.0,14.0
r3-confirm-r0579,579,0.0,1.0,1.0,0.0,1.0,0.0,0.13636363636363635,4.0,12.0
r3-confirm-r0580,580,0.0,1.0,1.0,1.0,1.0,0.09090909090909091,0.09090909090909091,2.0,12.0
r3-confirm-r0581,581,0.0,1.0,1.0,0.0,1.0,0.0,0.13636363636363635,2.0,12.5
r3-confirm-r0582,582,0.0,1.0,1.0,0.0,1.0,0.0,0.09090909090909091,4.0,11.0
r3-confirm-r0583,583,0.0,1.0,1.0,1.0,1.0,0.09090909090909091,0.13636363636363635,4.0,13.0
r3-confirm-r0584,584,0.0,0.5,0.5,0.5,0.5,0.045454545454545456,0.045454545454545456,2.5,12.0
r3-confirm-r0585,585,0.0,0.5,0.5,0.5,0.5,0.045454545454545456,0.045454545454545456,2.5,12.0
r3-confirm-r0586,586,0.0,0.0,0.0,0.0,0.5,0.0,0.045454545454545456,2.0,13.0
r3-confirm-r0587,587,0.0,1.0,1.0,0.0,1.0,0.0,0.09090909090909091,1.5,13.0
r3-confirm-r0588,588,0.0,1.0,1.0,0.5,1.0,0.08333333333333333,0.09090909090909091,2.0,11.5
r3-confirm-r0589,589,0.0,0.5,0.5,0.0,1.0,0.0,0.09090909090909091,2.0,9.0
r3-confirm-r0590,590,0.0,1.0,1.0,0.5,1.0,0.045454545454545456,0.14090909090909093,1.0,13.0
r3-confirm-r0591,591,0.0,0.5,0.5,0.5,0.5,0.05,0.05,2.5,14.5
r3-confirm-r0592,592,0.0,0.5,0.5,0.0,1.0,0.0,0.1,5.0,12.5
r3-confirm-r0593,593,0.0,1.0,1.0,0.5,1.0,0.041666666666666664,0.09090909090909091,1.5,10.0
r3-confirm-r0594,594,0.0,0.5,0.5,0.5,0.5,0.08333333333333333,0.045454545454545456,2.5,9.5
r3-confirm-r0595,595,0.0,0.5,0.5,0.0,0.5,0.0,0.041666666666666664,0.5,14.0
r3-confirm-r0596,596,0.0,1.0,1.0,0.0,1.0,0.0,0.14090909090909093,3.5,12.0
r3-confirm-r0597,597,0.0,0.5,0.5,0.0,1.0,0.0,0.09545454545454546,3.0,11.0
r3-confirm-r0598,598,0.0,0.0,0.0,0.5,1.0,0.041666666666666664,0.09090909090909091,2.0,10.5
r3-confirm-r0599,599,0.0,0.0,0.0,0.0,0.5,0.0,0.05,4.0,13.0
r3-confirm-r0600,600,0.0,0.5,0.5,0.5,1.0,0.045454545454545456,0.12878787878787878,3.5,9.0
r3-confirm-r0601,601,0.0,1.0,1.0,0.5,1.0,0.045454545454545456,0.09090909090909091,3.0,12.0
r3-confirm-r0602,602,0.0,1.0,1.0,0.5,1.0,0.045454545454545456,0.09090909090909091,3.0,11.5
r3-confirm-r0603,603,0.0,0.0,0.0,0.0,0.0,0.0,0.0,3.0,9.0
r3-confirm-r0604,604,0.0,0.0,0.0,1.0,0.0,0.08333333333333333,0.0,1.5,10.0
r3-confirm-r0605,605,0.0,1.0,1.0,0.0,1.0,0.0,0.09090909090909091,3.0,9.0
r3-confirm-r0606,606,0.0,1.0,1.0,0.0,1.0,0.0,0.13636363636363635,1.5,12.0
r3-confirm-r0607,607,0.0,1.0,1.0,0.5,1.0,0.041666666666666664,0.12878787878787878,2.0,12.0
r3-confirm-r0608,608,0.0,0.5,0.5,0.5,0.5,0.045454545454545456,0.045454545454545456,3.0,10.0
r3-confirm-r0609,609,0.0,0.5,0.5,0.0,1.0,0.0,0.09090909090909091,2.0,13.0
r3-confirm-r0610,610,0.0,1.0,1.0,0.5,1.0,0.045454545454545456,0.09090909090909091,1.5,12.0
r3-confirm-r0611,611,0.0,1.0,1.0,0.0,1.0,0.0,0.14090909090909093,2.0,12.0
r3-confirm-r0612,612,0.0,1.0,1.0,0.5,1.0,0.041666666666666664,0.08712121212121213,3.0,10.0
r3-confirm-r0613,613,0.0,0.5,0.5,1.0,0.5,0.09090909090909091,0.045454545454545456,2.0,13.0
r3-confirm-r0614,614,0.0,0.5,0.5,1.0,0.5,0.09090909090909091,0.045454545454545456,1.5,10.5
r3-confirm-r0615,615,0.0,1.0,1.0,0.0,1.0,0.0,0.1,4.5,12.0
r3-confirm-r0616,616,0.0,1.0,1.0,0.0,1.0,0.0,0.09090909090909091,4.5,10.5
r3-confirm-r0617,617,0.0,0.5,0.5,0.5,0.5,0.045454545454545456,0.045454545454545456,3.0,11.5
r3-confirm-r0618,618,0.0,0.5,0.5,0.5,0.5,0.045454545454545456,0.045454545454545456,1.5,11.0
r3-confirm-r0619,619,0.0,1.0,1.0,0.5,1.0,0.045454545454545456,0.09090909090909091,2.5,11.0
r3-confirm-r0620,620,0.0,1.0,1.0,0.5,1.0,0.045454545454545456,0.09090909090909091,3.0,11.5
r3-confirm-r0621,621,0.0,0.5,0.5,0.5,0.5,0.045454545454545456,0.045454545454545456,3.0,13.0
r3-confirm-r0622,622,0.0,0.0,0.0,0.5,0.0,0.045454545454545456,0.0,1.0,12.0
r3-confirm-r0623,623,0.0,0.5,0.5,0.5,0.5,0.041666666666666664,0.045454545454545456,2.0,13.0
r3-confirm-r0624,624,0.5,0.5,0.0,1.0,1.0,0.08712121212121213,0.09090909090909091,3.5,11.0
r3-confirm-r0625,625,0.0,0.5,0.5,0.5,0.5,0.045454545454545456,0.045454545454545456,2.5,12.0
r3-confirm-r0626,626,0.0,1.0,1.0,0.5,1.0,0.045454545454545456,0.09090909090909091,3.0,12.5
r3-confirm-r0627,627,0.0,1.0,1.0,0.5,1.0,0.045454545454545456,0.09090909090909091,4.0,12.0
r3-confirm-r0628,628,0.0,1.0,1.0,0.5,1.0,0.045454545454545456,0.1,2.0,16.0
r3-confirm-r0629,629,0.0,1.0,1.0,0.0,1.0,0.0,0.09090909090909091,1.0,12.0
r3-confirm-r0630,630,0.5,1.0,0.5,0.5,1.0,0.045454545454545456,0.13636363636363635,2.5,13.0
r3-confirm-r0631,631,0.0,1.0,1.0,1.0,1.0,0.09090909090909091,0.14090909090909093,1.0,16.0
r3-confirm-r0632,632,0.0,0.5,0.5,0.5,0.5,0.045454545454545456,0.045454545454545456,4.0,10.5
r3-confirm-r0633,633,0.0,0.0,0.0,0.5,0.0,0.045454545454545456,0.0,1.0,13.0
r3-confirm-r0634,634,0.0,0.5,0.5,0.5,0.5,0.045454545454545456,0.05,2.5,12.0
r3-confirm-r0635,635,0.0,0.5,0.5,0.0,0.5,0.0,0.09090909090909091,1.0,13.0
r3-confirm-r0636,636,0.0,0.5,0.5,0.5,0.5,0.045454545454545456,0.045454545454545456,1.5,12.0
r3-confirm-r0637,637,0.0,1.0,1.0,0.0,1.0,0.0,0.13636363636363635,1.0,12.0
r3-confirm-r0638,638,0.0,1.0,1.0,0.0,1.0,0.0,0.12878787878787878,1.5,12.0
r3-confirm-r0639,639,0.0,0.0,0.0,0.5,0.5,0.045454545454545456,0.045454545454545456,2.5,11.0
r3-confirm-r0640,640,0.0,1.0,1.0,0.5,1.0,0.041666666666666664,0.08712121212121213,2.5,12.0
r3-confirm-r0641,641,0.0,1.0,1.0,0.0,1.0,0.0,0.12878787878787878,1.0,13.0
r3-confirm-r0642,642,0.0,1.0,1.0,0.5,1.0,0.045454545454545456,0.09090909090909091,2.0,13.0
r3-confirm-r0643,643,0.0,0.5,0.5,0.0,0.5,0.0,0.09090909090909091,4.0,13.0
r3-confirm-r0644,644,0.0,0.5,0.5,0.0,0.5,0.0,0.045454545454545456,1.5,14.0
r3-confirm-r0645,645,0.0,1.0,1.0,0.5,1.0,0.041666666666666664,0.09090909090909091,1.5,12.0
r3-confirm-r0646,646,0.0,0.0,0.0,0.5,0.0,0.045454545454545456,0.0,3.5,11.0
r3-confirm-r0647,647,0.0,1.0,1.0,0.5,1.0,0.05,0.1,4.5,14.0
r3-confirm-r0648,648,0.0,1.0,1.0,0.0,1.0,0.0,0.12878787878787878,2.5,10.0
r3-confirm-r0649,649,0.0,0.5,0.5,0.0,1.0,0.0,0.09090909090909091,2.0,11.0
r3-confirm-r0650,650,0.0,0.5,0.5,1.0,0.5,0.09090909090909091,0.045454545454545456,5.0,8.5
r3-confirm-r0651,651,0.0,1.0,1.0,0.5,1.0,0.08333333333333333,0.08712121212121213,3.0,10.0
r3-confirm-r0652,652,0.0,1.0,1.0,0.5,1.0,0.045454545454545456,0.14090909090909093,2.5,14.0
r3-confirm-r0653,653,0.0,1.0,1.0,0.5,1.0,0.045454545454545456,0.09545454545454546,3.0,14.0
r3-confirm-r0654,654,0.0,1.0,1.0,0.0,1.0,0.0,0.12878787878787878,2.5,11.0
r3-confirm-r0655,655,0.0,0.0,0.0,0.0,0.5,0.0,0.045454545454545456,3.5,11.0
r3-confirm-r0656,656,0.0,1.0,1.0,1.0,1.0,0.09090909090909091,0.14545454545454545,1.5,14.0
r3-confirm-r0657,657,0.0,1.0,1.0,0.5,1.0,0.045454545454545456,0.1,2.5,15.0
r3-confirm-r0658,658,0.0,0.5,0.5,0.0,0.5,0.0,0.045454545454545456,2.5,11.0
r3-confirm-r0659,659,0.0,1.0,1.0,0.0,1.0,0.0,0.13636363636363635,3.0,12.0
r3-confirm-r0660,660,0.0,1.0,1.0,0.5,1.0,0.045454545454545456,0.09545454545454546,3.5,12.0
r3-confirm-r0661,661,0.0,1.0,1.0,0.0,1.0,0.0,0.17424242424242425,3.0,12.0
r3-confirm-r0662,662,0.0,0.5,0.5,0.0,0.5,0.0,0.045454545454545456,4.0,10.5
r3-confirm-r0663,663,0.0,0.5,0.5,0.5,0.5,0.045454545454545456,0.045454545454545456,1.5,11.5
r3-confirm-r0664,664,0.0,0.5,0.5,0.5,0.5,0.041666666666666664,0.045454545454545456,4.0,9.5
r3-confirm-r0665,665,0.0,0.5,0.5,0.0,0.5,0.0,0.045454545454545456,2.0,11.0
r3-confirm-r0666,666,0.0,1.0,1.0,0.5,1.0,0.041666666666666664,0.125,3.5,9.5
r3-confirm-r0667,667,0.0,1.0,1.0,0.0,1.0,0.0,0.14090909090909093,1.0,13.5
r3-confirm-r0668,668,0.5,0.5,0.0,0.5,0.5,0.045454545454545456,0.045454545454545456,5.5,10.0
r3-confirm-r0669,669,0.0,1.0,1.0,0.0,1.0,0.0,0.08712121212121213,3.0,10.0
r3-confirm-r0670,670,0.0,0.5,0.5,0.0,0.5,0.0,0.045454545454545456,3.0,10.0
r3-confirm-r0671,671,0.0,0.5,0.5,0.5,0.5,0.08333333333333333,0.045454545454545456,2.5,9.5
r3-confirm-r0672,672,0.0,1.0,1.0,1.0,1.0,0.09090909090909091,0.09545454545454546,2.5,13.0
r3-confirm-r0673,673,0.0,1.0,1.0,0.5,1.0,0.08333333333333333,0.08712121212121213,2.0,12.0
r3-confirm-r0674,674,0.0,1.0,1.0,0.5,1.0,0.045454545454545456,0.19090909090909092,2.0,14.5
r3-confirm-r0675,675,0.0,0.5,0.5,0.5,0.5,0.041666666666666664,0.045454545454545456,0.5,13.0
r3-confirm-r0676,676,0.0,1.0,1.0,0.5,1.0,0.045454545454545456,0.13636363636363635,3.5,13.0
r3-confirm-r0677,677,0.0,0.5,0.5,0.5,0.5,0.045454545454545456,0.041666666666666664,2.5,10.0
r3-confirm-r0678,678,0.0,0.5,0.5,0.5,0.5,0.045454545454545456,0.05,2.0,14.0
r3-confirm-r0679,679,0.0,1.0,1.0,0.0,1.0,0.0,0.12878787878787878,3.0,12.0
r3-confirm-r0680,680,0.0,1.0,1.0,0.5,1.0,0.08333333333333333,0.1,1.5,13.0
r3-confirm-r0681,681,0.0,0.5,0.5,0.0,0.5,0.0,0.08333333333333333,2.5,10.5
r3-confirm-r0682,682,0.0,0.5,0.5,1.0,0.5,0.09090909090909091,0.045454545454545456,2.5,11.0
r3-confirm-r0683,683,0.0,0.5,0.5,1.0,0.5,0.09090909090909091,0.09090909090909091,1.5,13.0
r3-confirm-r0684,684,0.0,1.0,1.0,0.0,1.0,0.0,0.09090909090909091,2.5,12.0
r3-confirm-r0685,685,0.0,1.0,1.0,0.5,1.0,0.041666666666666664,0.13636363636363635,2.5,11.0
r3-confirm-r0686,686,0.0,1.0,1.0,1.0,1.0,0.09090909090909091,0.09545454545454546,3.5,11.5
r3-confirm-r0687,687,0.0,0.5,0.5,1.0,1.0,0.12878787878787878,0.09545454545454546,0.5,12.0
r3-confirm-r0688,688,0.0,0.5,0.5,0.0,0.5,0.0,0.045454545454545456,2.0,12.0
r3-confirm-r0689,689,0.0,1.0,1.0,0.5,1.0,0.045454545454545456,0.14090909090909093,3.0,14.0
r3-confirm-r0690,690,0.0,1.0,1.0,0.0,1.0,0.0,0.16666666666666666,2.0,10.0
r3-confirm-r0691,691,0.0,0.0,0.0,0.0,0.5,0.0,0.05,4.0,11.0
r3-confirm-r0692,692,0.0,1.0,1.0,0.0,1.0,0.0,0.09090909090909091,2.0,12.0
r3-confirm-r0693,693,0.0,0.5,0.5,0.0,0.5,0.0,0.045454545454545456,3.5,11.5
r3-confirm-r0694,694,0.0,1.0,1.0,0.5,1.0,0.045454545454545456,0.09090909090909091,2.5,12.0
r3-confirm-r0695,695,0.0,0.5,0.5,0.5,0.5,0.041666666666666664,0.041666666666666664,1.5,11.0
r3-confirm-r0696,696,0.0,1.0,1.0,0.5,1.0,0.041666666666666664,0.09090909090909091,2.0,10.0
r3-confirm-r0697,697,0.0,0.5,0.5,1.0,0.5,0.09090909090909091,0.045454545454545456,3.0,10.0
r3-confirm-r0698,698,0.0,0.0,0.0,0.5,1.0,0.041666666666666664,0.09090909090909091,2.5,9.0
r3-confirm-r0699,699,0.0,1.0,1.0,1.0,1.0,0.08333333333333333,0.09090909090909091,1.0,12.0
r3-confirm-r0700,700,0.0,0.5,0.5,0.5,0.5,0.045454545454545456,0.045454545454545456,3.5,11.0
r3-confirm-r0701,701,0.0,0.5,0.5,0.5,0.5,0.041666666666666664,0.045454545454545456,1.5,11.0
r3-confirm-r0702,702,0.0,0.0,0.0,0.5,0.0,0.045454545454545456,0.0,2.5,13.0
r3-confirm-r0703,703,0.0,0.0,0.0,0.0,0.0,0.0,0.0,3.0,11.0
r3-confirm-r0704,704,0.0,1.0,1.0,0.5,1.0,0.041666666666666664,0.13636363636363635,0.5,12.0
r3-confirm-r0705,705,0.0,1.0,1.0,0.0,1.0,0.0,0.09090909090909091,3.0,11.0
r3-confirm-r0706,706,0.0,0.5,0.5,0.0,1.0,0.0,0.09545454545454546,1.5,11.0
r3-confirm-r0707,707,0.5,0.5,0.0,0.5,0.5,0.045454545454545456,0.045454545454545456,2.0,12.0
r3-confirm-r0708,708,0.0,0.5,0.5,0.5,1.0,0.041666666666666664,0.09090909090909091,2.0,10.5
r3-confirm-r0709,709,0.0,0.0,0.0,0.0,0.0,0.0,0.0,3.0,11.5
r3-confirm-r0710,710,0.0,0.5,0.5,0.5,0.5,0.045454545454545456,0.09090909090909091,2.0,15.0
r3-confirm-r0711,711,0.0,0.5,0.5,0.0,0.5,0.0,0.045454545454545456,1.5,11.0
r3-confirm-r0712,712,0.0,0.0,0.0,0.5,0.0,0.045454545454545456,0.0,2.0,11.0
r3-confirm-r0713,713,0.0,0.5,0.5,0.0,1.0,0.0,0.09090909090909091,2.0,11.0
r3-confirm-r0714,714,0.0,1.0,1.0,0.5,1.0,0.045454545454545456,0.09090909090909091,3.0,15.0
r3-confirm-r0715,715,0.0,0.5,0.5,0.5,0.5,0.041666666666666664,0.045454545454545456,1.0,12.0
r3-confirm-r0716,716,0.0,0.5,0.5,0.5,0.5,0.045454545454545456,0.045454545454545456,1.5,13.0
r3-confirm-r0717,717,0.0,1.0,1.0,0.5,1.0,0.05,0.1,5.0,13.0
r3-confirm-r0718,718,0.0,0.5,0.5,1.0,0.5,0.09090909090909091,0.045454545454545456,2.0,12.0
r3-confirm-r0719,719,0.0,0.5,0.5,1.0,0.5,0.09090909090909091,0.045454545454545456,3.0,12.0
r3-confirm-r0720,720,0.0,0.0,0.0,0.5,0.0,0.045454545454545456,0.0,3.0,11.0
r3-confirm-r0721,721,0.0,0.5,0.5,0.5,1.0,0.045454545454545456,0.09090909090909091,2.5,10.0
r3-confirm-r0722,722,0.0,1.0,1.0,0.0,1.0,0.0,0.09090909090909091,2.0,13.0
r3-confirm-r0723,723,0.0,1.0,1.0,0.0,1.0,0.0,0.09090909090909091,2.5,11.0
r3-confirm-r0724,724,0.0,1.0,1.0,0.0,1.0,0.0,0.09090909090909091,2.5,11.5
r3-confirm-r0725,725,0.0,0.5,0.5,1.0,0.5,0.08712121212121213,0.09090909090909091,1.0,10.0
r3-confirm-r0726,726,0.0,1.0,1.0,1.0,1.0,0.09090909090909091,0.1,1.5,15.0
r3-confirm-r0727,727,0.0,1.0,1.0,0.0,1.0,0.0,0.09090909090909091,1.5,12.0
r3-confirm-r0728,728,0.0,1.0,1.0,0.0,1.0,0.0,0.08712121212121213,3.0,9.5
r3-confirm-r0729,729,0.0,1.0,1.0,1.0,1.0,0.08712121212121213,0.09545454545454546,1.0,12.0
r3-confirm-r0730,730,0.0,0.0,0.0,0.0,0.5,0.0,0.045454545454545456,3.5,9.5
r3-confirm-r0731,731,0.0,0.5,0.5,0.0,1.0,0.0,0.14090909090909093,2.0,12.0
r3-confirm-r0732,732,0.0,1.0,1.0,0.0,1.0,0.0,0.1,3.0,14.0
r3-confirm-r0733,733,0.0,1.0,1.0,0.0,1.0,0.0,0.125,2.0,11.5
r3-confirm-r0734,734,0.0,1.0,1.0,0.0,1.0,0.0,0.09090909090909091,3.0,11.0
r3-confirm-r0735,735,0.0,1.0,1.0,0.0,1.0,0.0,0.09090909090909091,1.0,12.0
r3-confirm-r0736,736,0.0,1.0,1.0,0.0,1.0,0.0,0.09545454545454546,2.0,14.0
r3-confirm-r0737,737,0.0,1.0,1.0,0.0,1.0,0.0,0.09090909090909091,2.0,11.0
r3-confirm-r0738,738,0.0,1.0,1.0,0.5,1.0,0.045454545454545456,0.1,4.5,14.0
r3-confirm-r0739,739,0.0,0.5,0.5,0.5,0.5,0.045454545454545456,0.045454545454545456,3.0,12.0
r3-confirm-r0740,740,0.0,1.0,1.0,0.5,1.0,0.045454545454545456,0.09090909090909091,4.0,10.0
r3-confirm-r0741,741,0.0,1.0,1.0,0.0,1.0,0.0,0.09545454545454546,1.0,12.5
r3-confirm-r0742,742,0.5,1.0,0.5,0.5,1.0,0.045454545454545456,0.09090909090909091,3.5,13.0
r3-confirm-r0743,743,0.0,1.0,1.0,0.5,1.0,0.08333333333333333,0.13636363636363635,1.5,13.0
r3-confirm-r0744,744,0.0,1.0,1.0,0.5,1.0,0.09090909090909091,0.09545454545454546,1.0,15.0
r3-confirm-r0745,745,0.0,0.5,0.5,0.5,0.5,0.041666666666666664,0.045454545454545456,2.0,10.0
r3-confirm-r0746,746,0.0,1.0,1.0,0.5,1.0,0.045454545454545456,0.09545454545454546,2.5,14.0
r3-confirm-r0747,747,0.0,1.0,1.0,1.0,1.0,0.08333333333333333,0.09545454545454546,2.5,12.0
r3-confirm-r0748,748,0.0,1.0,1.0,0.0,1.0,0.0,0.09090909090909091,2.0,13.0
r3-confirm-r0749,749,0.0,1.0,1.0,1.0,1.0,0.09090909090909091,0.09090909090909091,4.5,10.0
r3-confirm-r0750,750,0.0,1.0,1.0,0.5,1.0,0.041666666666666664,0.09090909090909091,1.0,12.0
r3-confirm-r0751,751,0.0,1.0,1.0,0.0,1.0,0.0,0.08712121212121213,2.5,12.0
r3-confirm-r0752,752,0.0,0.5,0.5,1.0,1.0,0.09090909090909091,0.09545454545454546,3.0,12.5
r3-confirm-r0753,753,0.0,1.0,1.0,0.5,1.0,0.041666666666666664,0.09090909090909091,2.0,11.0
r3-confirm-r0754,754,0.0,0.5,0.5,0.5,1.0,0.045454545454545456,0.09545454545454546,3.0,13.0
r3-confirm-r0755,755,0.0,0.0,0.0,0.5,0.5,0.045454545454545456,0.09090909090909091,4.0,9.0
r3-confirm-r0756,756,0.0,0.5,0.5,0.0,0.5,0.0,0.045454545454545456,3.0,11.0
r3-confirm-r0757,757,0.0,1.0,1.0,0.5,1.0,0.041666666666666664,0.08712121212121213,3.5,9.5
r3-confirm-r0758,758,0.0,0.5,0.5,0.5,1.0,0.045454545454545456,0.09545454545454546,3.0,10.5
r3-confirm-r0759,759,0.0,0.5,0.5,0.0,1.0,0.0,0.09545454545454546,2.0,11.0
r3-confirm-r0760,760,0.0,0.5,0.5,0.0,0.5,0.0,0.05,2.0,12.0
r3-confirm-r0761,761,0.0,0.0,0.0,0.5,0.0,0.041666666666666664,0.0,3.0,10.0
r3-confirm-r0762,762,0.0,1.0,1.0,0.0,1.0,0.0,0.09090909090909091,1.0,12.0
r3-confirm-r0763,763,0.0,0.5,0.5,0.5,0.5,0.041666666666666664,0.045454545454545456,1.5,11.5
r3-confirm-r0764,764,0.0,0.5,0.5,0.0,0.5,0.0,0.09090909090909091,3.0,13.0
r3-confirm-r0765,765,0.0,1.0,1.0,0.0,1.0,0.0,0.09090909090909091,2.0,10.0
r3-confirm-r0766,766,0.0,0.5,0.5,0.5,0.5,0.041666666666666664,0.045454545454545456,2.0,11.0
r3-confirm-r0767,767,0.0,0.5,0.5,0.5,0.5,0.041666666666666664,0.08333333333333333,2.0,11.0
r3-confirm-r0768,768,0.0,0.5,0.5,0.5,0.5,0.045454545454545456,0.045454545454545456,4.0,11.0
r3-confirm-r0769,769,0.0,1.0,1.0,0.0,1.0,0.0,0.09090909090909091,3.0,12.0
r3-confirm-r0770,770,0.0,0.5,0.5,0.0,1.0,0.0,0.08712121212121213,2.5,9.0
r3-confirm-r0771,771,0.0,1.0,1.0,0.5,1.0,0.045454545454545456,0.13636363636363635,2.0,13.0
r3-confirm-r0772,772,0.0,0.5,0.5,0.5,0.5,0.041666666666666664,0.041666666666666664,2.5,11.0
r3-confirm-r0773,773,0.0,0.5,0.5,1.0,1.0,0.08333333333333333,0.09090909090909091,2.0,12.0
r3-confirm-r0774,774,0.0,0.5,0.5,0.5,0.5,0.041666666666666664,0.045454545454545456,2.0,11.0
r3-confirm-r0775,775,0.0,0.5,0.5,0.5,0.5,0.045454545454545456,0.08333333333333333,2.0,10.0
r3-confirm-r0776,776,0.0,1.0,1.0,0.5,1.0,0.045454545454545456,0.08712121212121213,2.5,12.0
r3-confirm-r0777,777,0.0,1.0,1.0,0.0,1.0,0.0,0.09090909090909091,1.0,14.0
r3-confirm-r0778,778,0.0,0.5,0.5,1.0,0.5,0.08712121212121213,0.045454545454545456,3.0,11.0
r3-confirm-r0779,779,0.0,0.5,0.5,0.0,0.5,0.0,0.045454545454545456,3.0,9.0
r3-confirm-r0780,780,0.0,0.0,0.0,1.0,0.5,0.08333333333333333,0.045454545454545456,2.0,9.5
r3-confirm-r0781,781,0.0,1.0,1.0,0.0,1.0,0.0,0.08333333333333333,4.0,9.0
r3-confirm-r0782,782,0.0,0.5,0.5,0.5,0.5,0.045454545454545456,0.045454545454545456,2.0,10.0
r3-confirm-r0783,783,0.0,0.5,0.5,0.0,1.0,0.0,0.08712121212121213,3.5,8.5
r3-confirm-r0784,784,0.0,1.0,1.0,0.5,1.0,0.045454545454545456,0.13636363636363635,3.0,12.5
r3-confirm-r0785,785,0.0,0.5,0.5,0.0,0.5,0.0,0.045454545454545456,1.0,14.0
r3-confirm-r0786,786,0.0,0.0,0.0,0.0,0.0,0.0,0.0,4.0,11.0
r3-confirm-r0787,787,0.0,1.0,1.0,0.5,1.0,0.041666666666666664,0.13636363636363635,1.5,12.0
r3-confirm-r0788,788,0.0,0.5,0.5,0.0,0.5,0.0,0.09090909090909091,3.0,10.5
r3-confirm-r0789,789,0.0,0.5,0.5,0.5,0.5,0.041666666666666664,0.045454545454545456,1.5,11.0
r3-confirm-r0790,790,0.0,0.5,0.5,0.5,0.5,0.045454545454545456,0.05,2.0,13.0
r3-confirm-r0791,791,0.0,1.0,1.0,0.5,1.0,0.045454545454545456,0.09545454545454546,1.5,15.0
r3-confirm-r0792,792,0.0,0.5,0.5,0.5,1.0,0.045454545454545456,0.08712121212121213,2.5,11.5
r3-confirm-r0793,793,0.0,0.5,0.5,0.5,0.5,0.041666666666666664,0.045454545454545456,2.0,9.0
r3-confirm-r0794,794,0.0,0.5,0.5,0.5,1.0,0.045454545454545456,0.09545454545454546,2.5,11.5
r3-confirm-r0795,795,0.0,1.0,1.0,0.0,1.0,0.0,0.09090909090909091,2.5,11.0
r3-confirm-r0796,796,0.0,1.0,1.0,0.0,1.0,0.0,0.09545454545454546,3.0,13.0
r3-confirm-r0797,797,0.0,0.5,0.5,1.0,0.5,0.08333333333333333,0.09090909090909091,3.0,11.0
r3-confirm-r0798,798,0.5,0.5,0.0,1.0,1.0,0.09090909090909091,0.09545454545454546,3.0,12.5
r3-confirm-r0799,799,0.0,0.5,0.5,0.5,0.5,0.041666666666666664,0.045454545454545456,2.0,10.0
r3-confirm-r0800,800,0.0,1.0,1.0,0.0,1.0,0.0,0.09090909090909091,2.0,13.0
r3-confirm-r0801,801,0.0,1.0,1.0,1.0,1.0,0.08712121212121213,0.13636363636363635,1.5,12.0
r3-confirm-r0802,802,0.0,1.0,1.0,0.5,1.0,0.041666666666666664,0.09090909090909091,3.0,11.0
r3-confirm-r0803,803,0.0,0.5,0.5,0.5,1.0,0.08333333333333333,0.09090909090909091,3.5,11.0
r3-confirm-r0804,804,0.5,0.5,0.0,1.0,0.5,0.09090909090909091,0.045454545454545456,4.0,11.0
r3-confirm-r0805,805,0.5,1.0,0.5,0.5,1.0,0.045454545454545456,0.09090909090909091,3.0,11.0
r3-confirm-r0806,806,0.0,0.5,0.5,0.5,0.5,0.041666666666666664,0.045454545454545456,2.0,11.0
r3-confirm-r0807,807,0.0,1.0,1.0,1.0,1.0,0.125,0.12878787878787878,2.0,12.0
r3-confirm-r0808,808,0.0,0.5,0.5,0.0,0.5,0.0,0.045454545454545456,2.0,9.5
r3-confirm-r0809,809,0.0,1.0,1.0,0.5,1.0,0.045454545454545456,0.09545454545454546,1.0,13.0
r3-confirm-r0810,810,0.0,1.0,1.0,0.0,1.0,0.0,0.09090909090909091,1.5,12.5
r3-confirm-r0811,811,0.0,1.0,1.0,0.0,1.0,0.0,0.09090909090909091,1.0,12.5
r3-confirm-r0812,812,0.0,1.0,1.0,0.5,1.0,0.041666666666666664,0.125,3.5,8.5
r3-confirm-r0813,813,0.0,1.0,1.0,0.0,1.0,0.0,0.09090909090909091,3.0,10.0
r3-confirm-r0814,814,0.0,0.5,0.5,0.0,0.5,0.0,0.045454545454545456,1.5,13.0
r3-confirm-r0815,815,0.0,0.5,0.5,0.5,0.5,0.045454545454545456,0.05,2.0,15.0
r3-confirm-r0816,816,0.0,1.0,1.0,0.0,1.0,0.0,0.09090909090909091,3.0,12.0
r3-confirm-r0817,817,0.0,1.0,1.0,0.5,1.0,0.041666666666666664,0.13636363636363635,2.5,11.0
r3-confirm-r0818,818,0.0,1.0,1.0,0.0,1.0,0.0,0.09090909090909091,1.0,12.0
r3-confirm-r0819,819,0.0,1.0,1.0,0.0,1.0,0.0,0.12878787878787878,3.5,9.0
r3-confirm-r0820,820,0.0,0.0,0.0,0.5,0.5,0.045454545454545456,0.045454545454545456,3.0,11.0
r3-confirm-r0821,821,0.0,1.0,1.0,0.5,1.0,0.041666666666666664,0.13636363636363635,2.0,11.0
r3-confirm-r0822,822,0.0,1.0,1.0,0.5,1.0,0.045454545454545456,0.09090909090909091,2.5,12.0
r3-confirm-r0823,823,0.0,1.0,1.0,0.0,1.0,0.0,0.15000000000000002,2.0,15.0
r3-confirm-r0824,824,0.0,0.5,0.5,0.5,0.5,0.041666666666666664,0.09090909090909091,3.0,9.0
r3-confirm-r0825,825,0.0,1.0,1.0,0.0,1.0,0.0,0.12878787878787878,2.0,11.0
r3-confirm-r0826,826,0.0,1.0,1.0,0.0,1.0,0.0,0.125,2.0,9.5
r3-confirm-r0827,827,0.0,1.0,1.0,0.0,1.0,0.0,0.09090909090909091,2.5,11.0
r3-confirm-r0828,828,0.0,1.0,1.0,0.0,1.0,0.0,0.1,3.0,13.0
r3-confirm-r0829,829,0.0,0.5,0.5,0.0,0.5,0.0,0.045454545454545456,4.5,12.0
r3-confirm-r0830,830,0.0,0.5,0.5,0.0,1.0,0.0,0.09090909090909091,2.5,11.0
r3-confirm-r0831,831,0.0,1.0,1.0,0.0,1.0,0.0,0.09090909090909091,4.0,11.0
r3-confirm-r0832,832,0.0,1.0,1.0,1.0,1.0,0.09090909090909091,0.09090909090909091,2.5,11.0
r3-confirm-r0833,833,0.0,0.5,0.5,0.0,0.5,0.0,0.045454545454545456,2.0,11.5
r3-confirm-r0834,834,0.0,0.5,0.5,1.0,0.5,0.08333333333333333,0.045454545454545456,3.0,8.5
r3-confirm-r0835,835,0.0,1.0,1.0,0.0,1.0,0.0,0.08712121212121213,3.5,9.0
r3-confirm-r0836,836,0.0,0.5,0.5,0.5,0.5,0.045454545454545456,0.045454545454545456,3.0,11.0
r3-confirm-r0837,837,0.0,1.0,1.0,1.0,1.0,0.09090909090909091,0.13636363636363635,2.5,13.0
r3-confirm-r0838,838,0.0,0.5,0.5,0.5,0.5,0.045454545454545456,0.045454545454545456,3.0,11.0
r3-confirm-r0839,839,0.0,1.0,1.0,0.0,1.0,0.0,0.09090909090909091,2.0,11.0
r3-confirm-r0840,840,0.0,1.0,1.0,0.0,1.0,0.0,0.13257575757575757,0.5,12.0
r3-confirm-r0841,841,0.0,1.0,1.0,0.5,1.0,0.041666666666666664,0.09090909090909091,2.0,10.0
r3-confirm-r0842,842,0.0,1.0,1.0,0.0,1.0,0.0,0.09090909090909091,2.5,13.5
r3-confirm-r0843,843,0.0,1.0,1.0,0.5,1.0,0.041666666666666664,0.13636363636363635,1.5,12.0
r3-confirm-r0844,844,0.0,1.0,1.0,0.5,1.0,0.041666666666666664,0.09090909090909091,1.0,11.5
r3-confirm-r0845,845,0.0,0.5,0.5,0.0,0.5,0.0,0.041666666666666664,2.0,12.0
r3-confirm-r0846,846,0.0,0.5,0.5,0.5,0.5,0.041666666666666664,0.045454545454545456,1.0,10.0
r3-confirm-r0847,847,0.0,0.5,0.5,0.5,0.5,0.045454545454545456,0.045454545454545456,2.0,11.5
r3-confirm-r0848,848,0.0,1.0,1.0,0.5,1.0,0.041666666666666664,0.09090909090909091,1.5,9.0
r3-confirm-r0849,849,0.0,0.5,0.5,1.0,0.5,0.12878787878787878,0.045454545454545456,2.5,13.0
r3-confirm-r0850,850,0.0,0.5,0.5,0.5,0.5,0.045454545454545456,0.045454545454545456,3.5,12.0
r3-confirm-r0851,851,0.0,1.0,1.0,0.0,1.0,0.0,0.09545454545454546,1.0,14.0
r3-confirm-r0852,852,0.0,1.0,1.0,0.0,1.0,0.0,0.13636363636363635,3.0,12.0
r3-confirm-r0853,853,0.0,1.0,1.0,0.5,1.0,0.045454545454545456,0.12878787878787878,2.0,12.0
r3-confirm-r0854,854,0.0,1.0,1.0,0.0,1.0,0.0,0.13636363636363635,2.0,11.0
r3-confirm-r0855,855,0.0,1.0,1.0,1.0,1.0,0.08712121212121213,0.09090909090909091,2.5,13.0
r3-confirm-r0856,856,0.0,1.0,1.0,0.5,1.0,0.08333333333333333,0.09090909090909091,2.5,11.0
r3-confirm-r0857,857,0.0,1.0,1.0,0.0,1.0,0.0,0.09090909090909091,3.5,10.0
r3-confirm-r0858,858,0.0,1.0,1.0,0.0,1.0,0.0,0.09090909090909091,2.0,13.0
r3-confirm-r0859,859,0.0,0.0,0.0,1.0,0.0,0.08712121212121213,0.0,3.0,12.0
r3-confirm-r0860,860,0.0,0.5,0.5,0.5,0.5,0.041666666666666664,0.045454545454545456,3.0,11.0
r3-confirm-r0861,861,0.0,0.5,0.5,0.0,0.5,0.0,0.045454545454545456,2.5,12.0
r3-confirm-r0862,862,0.0,0.5,0.5,0.0,0.5,0.0,0.045454545454545456,1.5,14.0
r3-confirm-r0863,863,0.0,0.5,0.5,1.0,1.0,0.09090909090909091,0.09090909090909091,4.0,9.0
r3-confirm-r0864,864,0.0,1.0,1.0,0.0,1.0,0.0,0.09545454545454546,2.5,12.0
r3-confirm-r0865,865,0.0,0.5,0.5,0.5,0.5,0.05,0.05,2.0,15.0
r3-confirm-r0866,866,0.0,1.0,1.0,0.0,1.0,0.0,0.12878787878787878,2.0,12.0
r3-confirm-r0867,867,0.0,1.0,1.0,0.0,1.0,0.0,0.08712121212121213,3.5,9.0
r3-confirm-r0868,868,0.0,1.0,1.0,1.0,1.0,0.08712121212121213,0.09090909090909091,2.5,12.0
r3-confirm-r0869,869,0.0,1.0,1.0,0.0,1.0,0.0,0.13257575757575757,2.0,10.0
r3-confirm-r0870,870,0.0,0.5,0.5,0.5,0.5,0.045454545454545456,0.045454545454545456,4.5,11.0
r3-confirm-r0871,871,0.0,0.5,0.5,0.0,1.0,0.0,0.1,1.5,13.0
r3-confirm-r0872,872,0.0,1.0,1.0,0.0,1.0,0.0,0.13636363636363635,2.0,13.0
r3-confirm-r0873,873,0.0,1.0,1.0,0.5,1.0,0.045454545454545456,0.09090909090909091,1.5,12.0
r3-confirm-r0874,874,0.0,0.5,0.5,0.0,0.5,0.0,0.05,4.5,12.0
r3-confirm-r0875,875,0.0,1.0,1.0,0.5,1.0,0.045454545454545456,0.09090909090909091,2.5,11.0
r3-confirm-r0876,876,0.0,0.5,0.5,0.0,0.5,0.0,0.08333333333333333,3.0,9.0
r3-confirm-r0877,877,0.0,1.0,1.0,0.0,1.0,0.0,0.09090909090909091,3.5,13.0
r3-confirm-r0878,878,0.0,0.5,0.5,0.5,0.5,0.045454545454545456,0.045454545454545456,5.0,9.5
r3-confirm-r0879,879,0.0,1.0,1.0,0.0,1.0,0.0,0.17424242424242425,0.0,13.0
r3-confirm-r0880,880,0.0,1.0,1.0,0.5,1.0,0.045454545454545456,0.09090909090909091,3.0,11.0
r3-confirm-r0881,881,0.0,0.5,0.5,0.5,0.5,0.045454545454545456,0.045454545454545456,3.0,13.0
r3-confirm-r0882,882,0.0,1.0,1.0,0.5,1.0,0.041666666666666664,0.09090909090909091,2.5,10.0
r3-confirm-r0883,883,0.0,1.0,1.0,0.5,1.0,0.041666666666666664,0.12878787878787878,3.0,11.5
r3-confirm-r0884,884,0.0,1.0,1.0,0.0,1.0,0.0,0.09090909090909091,4.0,11.0
r3-confirm-r0885,885,0.0,1.0,1.0,0.5,1.0,0.08333333333333333,0.09545454545454546,0.5,12.0
r3-confirm-r0886,886,0.0,0.5,0.5,0.5,0.5,0.041666666666666664,0.045454545454545456,1.0,12.0
r3-confirm-r0887,887,0.0,0.5,0.5,0.0,0.5,0.0,0.045454545454545456,2.0,11.0
r3-confirm-r0888,888,0.0,1.0,1.0,0.5,1.0,0.045454545454545456,0.09090909090909091,3.5,11.0
r3-confirm-r0889,889,0.0,0.5,0.5,0.5,1.0,0.041666666666666664,0.09090909090909091,2.0,10.5
r3-confirm-r0890,890,0.0,0.5,0.5,0.5,0.5,0.041666666666666664,0.045454545454545456,2.5,9.0
r3-confirm-r0891,891,0.0,1.0,1.0,0.0,1.0,0.0,0.09090909090909091,3.0,11.0
r3-confirm-r0892,892,0.0,1.0,1.0,0.0,1.0,0.0,0.09090909090909091,2.0,11.0
r3-confirm-r0893,893,0.0,1.0,1.0,0.5,1.0,0.045454545454545456,0.1,1.5,11.5
r3-confirm-r0894,894,0.0,0.5,0.5,0.0,0.5,0.0,0.045454545454545456,2.0,13.0
r3-confirm-r0895,895,0.0,0.0,0.0,0.0,0.0,0.0,0.0,4.5,11.5
r3-confirm-r0896,896,0.0,0.5,0.5,0.0,1.0,0.0,0.08712121212121213,2.5,11.0
r3-confirm-r0897,897,0.0,1.0,1.0,0.0,1.0,0.0,0.09090909090909091,2.0,11.0
r3-confirm-r0898,898,0.0,1.0,1.0,0.0,1.0,0.0,0.08712121212121213,3.0,10.0
r3-confirm-r0899,899,0.0,1.0,1.0,0.0,1.0,0.0,0.09090909090909091,2.0,11.5
r3-confirm-r0900,900,0.0,1.0,1.0,1.0,1.0,0.08333333333333333,0.09090909090909091,3.0,11.0
r3-confirm-r0901,901,0.0,1.0,1.0,1.0,1.0,0.08712121212121213,0.09090909090909091,3.0,12.0
r3-confirm-r0902,902,0.0,0.5,0.5,0.5,0.5,0.045454545454545456,0.041666666666666664,2.5,12.0
r3-confirm-r0903,903,0.0,1.0,1.0,0.5,1.0,0.045454545454545456,0.09090909090909091,2.0,12.0
r3-confirm-r0904,904,0.0,0.5,0.5,0.0,0.5,0.0,0.045454545454545456,4.5,9.0
r3-confirm-r0905,905,0.0,1.0,1.0,0.0,1.0,0.0,0.09090909090909091,2.5,10.0
r3-confirm-r0906,906,0.0,1.0,1.0,0.0,1.0,0.0,0.09545454545454546,2.5,12.0
r3-confirm-r0907,907,0.0,0.5,0.5,0.5,0.5,0.045454545454545456,0.045454545454545456,4.5,9.0
r3-confirm-r0908,908,0.0,1.0,1.0,0.0,1.0,0.0,0.125,3.0,11.0
r3-confirm-r0909,909,0.5,0.5,0.0,1.0,0.5,0.13636363636363635,0.09090909090909091,4.0,14.0
r3-confirm-r0910,910,0.0,1.0,1.0,0.5,1.0,0.08333333333333333,0.09090909090909091,1.5,12.0
r3-confirm-r0911,911,0.0,0.0,0.0,0.0,0.0,0.0,0.0,3.0,12.0
r3-confirm-r0912,912,0.0,1.0,1.0,0.0,1.0,0.0,0.09545454545454546,2.0,12.0
r3-confirm-r0913,913,0.0,1.0,1.0,0.5,1.0,0.045454545454545456,0.09090909090909091,4.0,11.0
r3-confirm-r0914,914,0.0,0.0,0.0,0.5,0.0,0.041666666666666664,0.0,2.5,10.0
r3-confirm-r0915,915,0.0,1.0,1.0,1.0,1.0,0.09090909090909091,0.13636363636363635,2.5,10.0
r3-confirm-r0916,916,0.0,1.0,1.0,0.5,1.0,0.045454545454545456,0.14090909090909093,2.5,13.0
r3-confirm-r0917,917,0.0,1.0,1.0,0.0,1.0,0.0,0.12878787878787878,3.0,11.0
r3-confirm-r0918,918,0.0,1.0,1.0,0.5,1.0,0.045454545454545456,0.09545454545454546,2.0,12.0
r3-confirm-r0919,919,0.0,0.0,0.0,0.0,0.0,0.0,0.0,2.0,9.5
r3-confirm-r0920,920,0.0,1.0,1.0,1.0,1.0,0.08712121212121213,0.09090909090909091,3.0,12.0
r3-confirm-r0921,921,0.0,0.0,0.0,1.0,0.5,0.09090909090909091,0.09090909090909091,4.0,9.0
r3-confirm-r0922,922,0.0,0.5,0.5,0.0,0.5,0.0,0.045454545454545456,3.0,10.0
r3-confirm-r0923,923,0.0,0.5,0.5,0.0,0.5,0.0,0.045454545454545456,2.0,11.0
r3-confirm-r0924,924,0.0,0.5,0.5,0.0,0.5,0.0,0.045454545454545456,1.0,13.0
r3-confirm-r0925,925,0.0,1.0,1.0,0.0,1.0,0.0,0.09090909090909091,1.5,11.0
r3-confirm-r0926,926,0.0,1.0,1.0,0.0,1.0,0.0,0.09090909090909091,3.0,12.0
r3-confirm-r0927,927,0.0,0.5,0.5,1.0,0.5,0.09090909090909091,0.045454545454545456,2.0,13.0
r3-confirm-r0928,928,0.0,1.0,1.0,0.5,1.0,0.045454545454545456,0.09545454545454546,1.0,12.0
r3-confirm-r0929,929,0.0,0.5,0.5,1.0,0.5,0.08712121212121213,0.045454545454545456,3.5,9.0
r3-confirm-r0930,930,0.0,1.0,1.0,0.0,1.0,0.0,0.09090909090909091,2.0,11.0
r3-confirm-r0931,931,0.0,1.0,1.0,0.5,1.0,0.045454545454545456,0.09090909090909091,3.0,11.0
r3-confirm-r0932,932,0.0,0.0,0.0,0.5,0.5,0.045454545454545456,0.045454545454545456,5.0,9.0
r3-confirm-r0933,933,0.0,0.0,0.0,0.0,0.5,0.0,0.045454545454545456,3.0,9.5
r3-confirm-r0934,934,0.0,1.0,1.0,1.0,1.0,0.09090909090909091,0.13636363636363635,4.0,12.0
r3-confirm-r0935,935,0.0,0.5,0.5,0.0,0.5,0.0,0.045454545454545456,1.5,12.5
r3-confirm-r0936,936,0.0,0.0,0.0,0.0,0.0,0.0,0.0,3.5,11.0
r3-confirm-r0937,937,0.0,1.0,1.0,0.0,1.0,0.0,0.12878787878787878,3.0,11.0
r3-confirm-r0938,938,0.0,0.5,0.5,0.0,0.5,0.0,0.09090909090909091,4.0,11.0
r3-confirm-r0939,939,0.0,0.5,0.5,0.0,0.5,0.0,0.045454545454545456,2.0,11.0
r3-confirm-r0940,940,0.0,0.5,0.5,0.0,1.0,0.0,0.09090909090909091,2.5,11.5
r3-confirm-r0941,941,0.0,1.0,1.0,0.5,1.0,0.045454545454545456,0.08712121212121213,3.0,10.5
r3-confirm-r0942,942,0.0,1.0,1.0,1.0,1.0,0.08333333333333333,0.09090909090909091,2.5,12.0
r3-confirm-r0943,943,0.0,1.0,1.0,0.5,1.0,0.041666666666666664,0.08712121212121213,2.0,11.0
r3-confirm-r0944,944,0.0,1.0,1.0,1.0,1.0,0.125,0.09090909090909091,1.5,12.0
r3-confirm-r0945,945,0.0,1.0,1.0,0.5,1.0,0.041666666666666664,0.12878787878787878,3.0,9.0
r3-confirm-r0946,946,0.0,1.0,1.0,0.0,1.0,0.0,0.13636363636363635,4.0,11.0
r3-confirm-r0947,947,0.0,1.0,1.0,0.5,1.0,0.045454545454545456,0.09545454545454546,2.0,13.0
r3-confirm-r0948,948,0.0,0.5,0.5,0.5,0.5,0.045454545454545456,0.05,2.0,15.0
r3-confirm-r0949,949,0.0,1.0,1.0,0.0,1.0,0.0,0.13636363636363635,2.0,12.5
r3-confirm-r0950,950,0.0,0.0,0.0,0.0,0.0,0.0,0.0,4.0,11.5
r3-confirm-r0951,951,0.0,0.5,0.5,0.5,0.5,0.045454545454545456,0.045454545454545456,3.5,12.0
r3-confirm-r0952,952,0.0,0.0,0.0,0.0,0.5,0.0,0.05,4.0,11.0
r3-confirm-r0953,953,0.0,1.0,1.0,0.5,1.0,0.045454545454545456,0.15000000000000002,1.0,14.0
r3-confirm-r0954,954,0.0,1.0,1.0,0.0,1.0,0.0,0.09090909090909091,1.0,13.0
r3-confirm-r0955,955,0.0,1.0,1.0,0.0,1.0,0.0,0.12878787878787878,2.0,11.0
r3-confirm-r0956,956,0.0,0.5,0.5,0.5,0.5,0.045454545454545456,0.045454545454545456,4.0,11.0
r3-confirm-r0957,957,0.0,0.0,0.0,1.0,0.0,0.08333333333333333,0.0,3.0,9.5
r3-confirm-r0958,958,0.0,1.0,1.0,0.5,1.0,0.041666666666666664,0.09090909090909091,2.0,13.0
r3-confirm-r0959,959,0.0,1.0,1.0,0.0,1.0,0.0,0.14090909090909093,2.0,13.0
r3-confirm-r0960,960,0.0,1.0,1.0,0.5,1.0,0.045454545454545456,0.09090909090909091,1.0,12.0
r3-confirm-r0961,961,0.0,0.5,0.5,0.5,0.5,0.045454545454545456,0.045454545454545456,1.5,14.0
r3-confirm-r0962,962,0.0,1.0,1.0,0.0,1.0,0.0,0.12878787878787878,2.5,12.0
r3-confirm-r0963,963,0.0,1.0,1.0,0.0,1.0,0.0,0.08712121212121213,4.0,10.0
r3-confirm-r0964,964,0.0,0.5,0.5,0.0,0.5,0.0,0.041666666666666664,2.0,10.0
r3-confirm-r0965,965,0.0,0.5,0.5,0.0,0.5,0.0,0.045454545454545456,3.0,12.0
r3-confirm-r0966,966,0.0,0.5,0.5,0.0,1.0,0.0,0.12878787878787878,2.5,10.0
r3-confirm-r0967,967,0.0,0.5,0.5,0.0,0.5,0.0,0.045454545454545456,2.5,11.5
r3-confirm-r0968,968,0.0,1.0,1.0,0.5,1.0,0.045454545454545456,0.09090909090909091,4.5,10.0
r3-confirm-r0969,969,0.0,0.5,0.5,0.0,1.0,0.0,0.13636363636363635,2.0,11.0
r3-confirm-r0970,970,0.0,0.0,0.0,0.0,0.0,0.0,0.0,2.0,10.0
r3-confirm-r0971,971,0.0,1.0,1.0,0.0,1.0,0.0,0.13636363636363635,1.5,14.0
r3-confirm-r0972,972,0.0,0.5,0.5,0.5,0.5,0.041666666666666664,0.045454545454545456,2.5,12.0
r3-confirm-r0973,973,0.0,0.0,0.0,0.5,1.0,0.08333333333333333,0.09090909090909091,2.5,9.0
r3-confirm-r0974,974,0.0,0.5,0.5,0.0,0.5,0.0,0.08333333333333333,2.0,10.0
r3-confirm-r0975,975,0.0,1.0,1.0,0.0,1.0,0.0,0.09545454545454546,2.0,13.5
r3-confirm-r0976,976,0.0,1.0,1.0,0.0,1.0,0.0,0.09090909090909091,2.5,10.0
r3-confirm-r0977,977,0.0,1.0,1.0,0.5,1.0,0.045454545454545456,0.09090909090909091,1.5,10.5
r3-confirm-r0978,978,0.0,1.0,1.0,0.5,1.0,0.05,0.15555555555555556,4.0,16.0
r3-confirm-r0979,979,0.0,0.0,0.0,0.0,0.0,0.0,0.0,3.5,10.0
r3-confirm-r0980,980,0.0,0.5,0.5,0.0,0.5,0.0,0.045454545454545456,3.0,12.0
r3-confirm-r0981,981,0.0,1.0,1.0,0.5,1.0,0.045454545454545456,0.09090909090909091,2.0,11.0
r3-confirm-r0982,982,0.0,0.5,0.5,0.0,0.5,0.0,0.045454545454545456,2.0,11.5
r3-confirm-r0983,983,0.0,0.5,0.5,0.0,0.5,0.0,0.045454545454545456,1.5,14.0
r3-confirm-r0984,984,0.0,0.5,0.5,0.5,0.5,0.041666666666666664,0.045454545454545456,2.5,10.0
r3-confirm-r0985,985,0.0,0.5,0.5,1.0,0.5,0.09090909090909091,0.09090909090909091,0.0,14.5
r3-confirm-r0986,986,0.0,1.0,1.0,0.5,1.0,0.045454545454545456,0.1,1.0,13.5
r3-confirm-r0987,987,0.0,0.5,0.5,0.5,1.0,0.041666666666666664,0.09090909090909091,2.0,11.0
r3-confirm-r0988,988,0.0,0.5,0.5,0.5,1.0,0.045454545454545456,0.09545454545454546,2.0,14.0
r3-confirm-r0989,989,0.0,0.5,0.5,0.5,0.5,0.045454545454545456,0.045454545454545456,3.0,13.0
r3-confirm-r0990,990,0.0,1.0,1.0,0.0,1.0,0.0,0.08712121212121213,3.0,10.0
r3-confirm-r0991,991,0.0,1.0,1.0,0.0,1.0,0.0,0.13636363636363635,2.0,11.0
r3-confirm-r0992,992,0.5,1.0,0.5,0.5,1.0,0.045454545454545456,0.13636363636363635,4.0,12.0
r3-confirm-r0993,993,0.0,0.0,0.0,0.0,0.0,0.0,0.0,1.5,10.0
r3-confirm-r0994,994,0.0,1.0,1.0,0.0,1.0,0.0,0.09090909090909091,3.0,10.0
r3-confirm-r0995,995,0.0,0.5,0.5,0.5,1.0,0.05,0.1,2.0,13.0
r3-confirm-r0996,996,0.0,1.0,1.0,0.0,1.0,0.0,0.09545454545454546,2.0,14.0
r3-confirm-r0997,997,0.0,0.5,0.5,1.0,0.5,0.09090909090909091,0.045454545454545456,2.5,14.0
r3-confirm-r0998,998,0.0,0.0,0.0,0.0,0.5,0.0,0.045454545454545456,3.0,10.0
r3-confirm-r0999,999,0.0,1.0,1.0,0.0,1.0,0.0,0.125,3.0,11.0
r3-confirm-r1000,1000,0.0,0.0,0.0,0.0,0.5,0.0,0.045454545454545456,1.5,10.0
r3-confirm-r1001,1001,0.0,1.0,1.0,0.5,1.0,0.045454545454545456,0.1,2.0,14.0
r3-confirm-r1002,1002,0.0,0.5,0.5,0.5,0.5,0.045454545454545456,0.045454545454545456,4.0,11.0
r3-confirm-r1003,1003,0.0,0.5,0.5,0.5,0.5,0.045454545454545456,0.045454545454545456,0.5,12.0
r3-confirm-r1004,1004,0.0,1.0,1.0,0.5,1.0,0.041666666666666664,0.12878787878787878,3.0,10.5
r3-confirm-r1005,1005,0.0,1.0,1.0,0.0,1.0,0.0,0.125,2.0,10.0
r3-confirm-r1006,1006,0.0,0.5,0.5,0.0,0.5,0.0,0.045454545454545456,1.0,12.5
r3-confirm-r1007,1007,0.0,0.5,0.5,0.0,0.5,0.0,0.045454545454545456,2.0,11.0
r3-confirm-r1008,1008,0.0,0.0,0.0,1.0,0.0,0.08333333333333333,0.0,1.5,12.0
r3-confirm-r1009,1009,0.0,1.0,1.0,0.5,1.0,0.045454545454545456,0.09545454545454546,2.5,12.5
r3-confirm-r1010,1010,0.0,0.5,0.5,1.0,1.0,0.08333333333333333,0.09090909090909091,2.0,11.0
r3-confirm-r1011,1011,0.0,0.5,0.5,0.0,0.5,0.0,0.045454545454545456,3.5,10.0
r3-confirm-r1012,1012,0.0,0.5,0.5,0.0,1.0,0.0,0.14090909090909093,3.0,12.0
r3-confirm-r1013,1013,0.0,0.5,0.5,0.5,0.5,0.045454545454545456,0.05,1.5,12.0
r3-confirm-r1014,1014,0.0,1.0,1.0,1.0,1.0,0.09090909090909091,0.09090909090909091,3.0,11.0
r3-confirm-r1015,1015,0.0,1.0,1.0,1.0,1.0,0.08712121212121213,0.09090909090909091,2.5,11.0
r3-confirm-r1016,1016,0.0,0.5,0.5,0.0,1.0,0.0,0.09090909090909091,3.0,10.0
r3-confirm-r1017,1017,0.0,0.5,0.5,0.0,0.5,0.0,0.045454545454545456,3.0,15.0
r3-confirm-r1018,1018,0.0,1.0,1.0,0.5,1.0,0.045454545454545456,0.1,0.5,14.0
r3-confirm-r1019,1019,0.0,1.0,1.0,0.5,1.0,0.045454545454545456,0.09090909090909091,3.0,12.0
r3-confirm-r1020,1020,0.0,0.5,0.5,0.5,0.5,0.045454545454545456,0.041666666666666664,3.5,11.0
r3-confirm-r1021,1021,0.0,0.5,0.5,0.5,0.5,0.045454545454545456,0.045454545454545456,2.0,11.0
r3-confirm-r1022,1022,0.0,0.5,0.5,0.0,0.5,0.0,0.045454545454545456,2.0,10.0
r3-confirm-r1023,1023,0.0,1.0,1.0,0.0,1.0,0.0,0.09545454545454546,1.5,12.0
r3-confirm-r1024,1024,0.0,1.0,1.0,0.5,1.0,0.045454545454545456,0.17424242424242425,3.0,11.0
r3-confirm-r1025,1025,0.0,1.0,1.0,0.0,1.0,0.0,0.09090909090909091,1.5,11.5
r3-confirm-r1026,1026,0.0,0.0,0.0,0.0,0.0,0.0,0.0,3.0,9.0
r3-confirm-r1027,1027,0.0,0.5,0.5,0.0,0.5,0.0,0.045454545454545456,4.0,10.0
r3-confirm-r1028,1028,0.0,0.5,0.5,0.5,0.5,0.045454545454545456,0.045454545454545456,2.0,12.0
r3-confirm-r1029,1029,0.0,1.0,1.0,1.0,1.0,0.09090909090909091,0.09090909090909091,4.0,10.0
r3-confirm-r1030,1030,0.0,0.5,0.5,1.0,0.5,0.09090909090909091,0.08333333333333333,3.5,10.5
r3-confirm-r1031,1031,0.0,1.0,1.0,0.0,1.0,0.0,0.09545454545454546,2.0,11.0
r3-confirm-r1032,1032,0.0,1.0,1.0,0.0,1.0,0.0,0.09090909090909091,1.0,12.5
r3-confirm-r1033,1033,0.0,1.0,1.0,1.0,1.0,0.125,0.08712121212121213,3.0,9.0
r3-confirm-r1034,1034,0.0,0.0,0.0,0.5,1.0,0.041666666666666664,0.09090909090909091,3.0,8.5
r3-confirm-r1035,1035,0.0,1.0,1.0,0.0,1.0,0.0,0.09090909090909091,3.5,10.0
r3-confirm-r1036,1036,0.0,0.5,0.5,1.0,1.0,0.09090909090909091,0.14090909090909093,2.5,13.0
r3-confirm-r1037,1037,0.0,0.5,0.5,1.0,0.5,0.09090909090909091,0.045454545454545456,3.0,12.0
r3-confirm-r1038,1038,0.0,1.0,1.0,0.5,1.0,0.045454545454545456,0.09090909090909091,2.0,13.0
r3-confirm-r1039,1039,0.0,1.0,1.0,0.5,1.0,0.041666666666666664,0.09090909090909091,1.5,12.0
r3-confirm-r1040,1040,0.0,1.0,1.0,0.0,1.0,0.0,0.09090909090909091,2.0,11.0
r3-confirm-r1041,1041,0.0,1.0,1.0,0.5,1.0,0.041666666666666664,0.09090909090909091,1.5,13.0
r3-confirm-r1042,1042,0.0,1.0,1.0,0.0,1.0,0.0,0.09090909090909091,2.5,11.5
r3-confirm-r1043,1043,0.0,1.0,1.0,0.0,1.0,0.0,0.13257575757575757,2.5,12.0
r3-confirm-r1044,1044,0.0,1.0,1.0,0.0,1.0,0.0,0.09090909090909091,1.0,12.0
r3-confirm-r1045,1045,0.0,1.0,1.0,0.5,1.0,0.045454545454545456,0.09090909090909091,3.0,11.0
r3-confirm-r1046,1046,0.0,1.0,1.0,0.5,1.0,0.08333333333333333,0.125,3.5,10.0
r3-confirm-r1047,1047,0.0,1.0,1.0,0.5,1.0,0.045454545454545456,0.09090909090909091,5.0,11.0
r3-confirm-r1048,1048,0.0,0.5,0.5,0.0,0.5,0.0,0.045454545454545456,2.5,11.5
r3-confirm-r1049,1049,0.0,0.0,0.0,1.0,0.5,0.08712121212121213,0.045454545454545456,4.5,12.0
r3-confirm-r1050,1050,0.0,1.0,1.0,0.0,1.0,0.0,0.09090909090909091,2.0,12.0
r3-confirm-r1051,1051,0.0,0.5,0.5,0.0,0.5,0.0,0.045454545454545456,4.0,10.0
r3-confirm-r1052,1052,0.0,1.0,1.0,0.5,1.0,0.045454545454545456,0.09090909090909091,1.5,12.0
r3-confirm-r1053,1053,0.0,1.0,1.0,1.0,1.0,0.09090909090909091,0.09090909090909091,2.0,12.0
r3-confirm-r1054,1054,0.0,0.0,0.0,0.5,0.0,0.041666666666666664,0.0,4.0,8.0
r3-confirm-r1055,1055,0.0,0.0,0.0,0.0,0.0,0.0,0.0,2.0,13.0
r3-confirm-r1056,1056,0.0,0.5,0.5,0.0,0.5,0.0,0.041666666666666664,4.0,8.0
r3-confirm-r1057,1057,0.0,0.5,0.5,0.0,0.5,0.0,0.08333333333333333,2.5,11.0
r3-confirm-r1058,1058,0.0,0.5,0.5,0.0,0.5,0.0,0.045454545454545456,2.0,11.0
r3-confirm-r1059,1059,0.0,0.0,0.0,1.0,0.0,0.09090909090909091,0.0,2.0,12.0
r3-confirm-r1060,1060,0.0,0.5,0.5,1.0,0.5,0.09090909090909091,0.045454545454545456,1.5,12.5
r3-confirm-r1061,1061,0.0,1.0,1.0,0.5,1.0,0.041666666666666664,0.12878787878787878,2.5,10.0
r3-confirm-r1062,1062,0.0,1.0,1.0,1.0,1.0,0.08712121212121213,0.09090909090909091,1.0,14.0
r3-confirm-r1063,1063,0.0,0.5,0.5,0.5,0.5,0.041666666666666664,0.045454545454545456,2.5,10.0
r3-confirm-r1064,1064,0.0,1.0,1.0,0.5,1.0,0.045454545454545456,0.1,2.0,11.5
r3-confirm-r1065,1065,0.0,0.0,0.0,0.0,0.5,0.0,0.05,5.0,11.0
r3-confirm-r1066,1066,0.0,0.5,0.5,0.0,0.5,0.0,0.05,5.0,12.5
r3-confirm-r1067,1067,0.0,1.0,1.0,0.5,1.0,0.045454545454545456,0.09090909090909091,3.0,11.0
r3-confirm-r1068,1068,0.0,0.0,0.0,0.0,0.5,0.0,0.05,2.5,13.0
r3-confirm-r1069,1069,0.0,1.0,1.0,0.0,1.0,0.0,0.13636363636363635,2.0,11.5
r3-confirm-r1070,1070,0.0,0.5,0.5,0.0,0.5,0.0,0.045454545454545456,4.0,12.0
r3-confirm-r1071,1071,0.5,0.5,0.0,0.5,0.5,0.045454545454545456,0.045454545454545456,3.5,12.0
r3-confirm-r1072,1072,0.0,1.0,1.0,1.0,1.0,0.08333333333333333,0.09545454545454546,1.0,12.5
r3-confirm-r1073,1073,0.0,0.0,0.0,0.0,0.5,0.0,0.045454545454545456,2.0,10.0
r3-confirm-r1074,1074,0.0,0.5,0.5,0.5,0.5,0.045454545454545456,0.05,2.5,12.5
r3-confirm-r1075,1075,0.0,1.0,1.0,0.5,1.0,0.041666666666666664,0.08712121212121213,1.0,12.0
r3-confirm-r1076,1076,0.0,0.5,0.5,0.5,0.5,0.041666666666666664,0.08333333333333333,2.5,10.0
r3-confirm-r1077,1077,0.0,0.5,0.5,0.0,0.5,0.0,0.041666666666666664,2.5,10.0
r3-confirm-r1078,1078,0.0,0.5,0.5,0.5,0.5,0.041666666666666664,0.045454545454545456,2.0,12.0
r3-confirm-r1079,1079,0.0,1.0,1.0,0.5,1.0,0.045454545454545456,0.09545454545454546,2.5,13.0
r3-confirm-r1080,1080,0.0,1.0,1.0,1.0,1.0,0.09090909090909091,0.09090909090909091,4.5,10.5
r3-confirm-r1081,1081,0.0,1.0,1.0,0.5,1.0,0.045454545454545456,0.09090909090909091,3.0,10.0
r3-confirm-r1082,1082,0.0,1.0,1.0,0.0,1.0,0.0,0.1,3.0,14.0
r3-confirm-r1083,1083,0.0,1.0,1.0,0.5,1.0,0.041666666666666664,0.16666666666666666,2.0,10.0
r3-confirm-r1084,1084,0.0,1.0,1.0,0.5,1.0,0.045454545454545456,0.09090909090909091,3.5,12.5
r3-confirm-r1085,1085,0.0,0.0,0.0,0.5,0.0,0.045454545454545456,0.0,2.0,15.0
r3-confirm-r1086,1086,0.0,0.5,0.5,0.5,0.5,0.05,0.05,4.0,12.0
r3-confirm-r1087,1087,0.0,1.0,1.0,0.0,1.0,0.0,0.08712121212121213,3.0,11.0
r3-confirm-r1088,1088,0.0,0.5,0.5,0.0,1.0,0.0,0.13636363636363635,3.5,12.0
r3-confirm-r1089,1089,0.0,1.0,1.0,0.0,1.0,0.0,0.19090909090909092,2.5,14.0
r3-confirm-r1090,1090,0.0,0.5,0.5,1.0,0.5,0.09090909090909091,0.09090909090909091,3.0,13.0
r3-confirm-r1091,1091,0.0,1.0,1.0,0.5,1.0,0.045454545454545456,0.13636363636363635,3.0,11.0
r3-confirm-r1092,1092,0.0,1.0,1.0,0.5,1.0,0.041666666666666664,0.09090909090909091,3.0,11.0
r3-confirm-r1093,1093,0.0,1.0,1.0,0.0,1.0,0.0,0.12878787878787878,0.5,12.0
r3-confirm-r1094,1094,0.0,0.5,0.5,0.0,0.5,0.0,0.045454545454545456,3.0,12.0
r3-confirm-r1095,1095,0.0,0.5,0.5,1.0,1.0,0.08712121212121213,0.13636363636363635,2.5,10.0
r3-confirm-r1096,1096,0.0,1.0,1.0,0.5,1.0,0.045454545454545456,0.14090909090909093,3.5,13.0
r3-confirm-r1097,1097,0.0,1.0,1.0,0.5,1.0,0.045454545454545456,0.09090909090909091,2.5,11.0
r3-confirm-r1098,1098,0.0,1.0,1.0,1.0,1.0,0.08712121212121213,0.13636363636363635,1.0,14.0
r3-confirm-r1099,1099,0.0,1.0,1.0,0.5,1.0,0.045454545454545456,0.13636363636363635,1.0,11.0
r3-confirm-r1100,1100,0.0,1.0,1.0,0.0,1.0,0.0,0.19090909090909092,2.0,14.0
r3-confirm-r1101,1101,0.0,0.5,0.5,0.0,1.0,0.0,0.09090909090909091,1.5,11.0
r3-confirm-r1102,1102,0.0,1.0,1.0,0.5,1.0,0.05,0.1,3.5,14.0
r3-confirm-r1103,1103,0.0,0.5,0.5,0.0,0.5,0.0,0.045454545454545456,3.0,11.0
r3-confirm-r1104,1104,0.0,1.0,1.0,0.5,1.0,0.041666666666666664,0.13257575757575757,1.0,11.0
r3-confirm-r1105,1105,0.0,1.0,1.0,0.5,1.0,0.041666666666666664,0.09090909090909091,2.0,12.0
r3-confirm-r1106,1106,0.0,1.0,1.0,0.0,1.0,0.0,0.09090909090909091,3.0,10.0
r3-confirm-r1107,1107,0.0,1.0,1.0,1.0,1.0,0.08712121212121213,0.13636363636363635,2.0,10.0
r3-confirm-r1108,1108,0.0,0.5,0.5,0.5,0.5,0.045454545454545456,0.05,1.5,14.0
r3-confirm-r1109,1109,0.0,0.5,0.5,0.5,0.5,0.045454545454545456,0.045454545454545456,4.0,10.5
r3-confirm-r1110,1110,0.0,0.5,0.5,0.0,0.5,0.0,0.05,3.0,13.0
r3-confirm-r1111,1111,0.0,1.0,1.0,0.0,1.0,0.0,0.09545454545454546,2.5,12.0
r3-confirm-r1112,1112,0.0,0.5,0.5,0.0,0.5,0.0,0.045454545454545456,3.5,12.0
r3-confirm-r1113,1113,0.0,0.0,0.0,0.5,0.0,0.045454545454545456,0.0,5.0,11.0
r3-confirm-r1114,1114,0.0,0.5,0.5,0.5,0.5,0.045454545454545456,0.045454545454545456,3.0,11.0
r3-confirm-r1115,1115,0.0,0.5,0.5,0.5,0.5,0.041666666666666664,0.045454545454545456,3.0,10.0
r3-confirm-r1116,1116,0.0,0.5,0.5,0.5,0.5,0.041666666666666664,0.045454545454545456,3.0,12.0
r3-confirm-r1117,1117,0.0,1.0,1.0,0.0,1.0,0.0,0.13636363636363635,1.5,11.0
r3-confirm-r1118,1118,0.0,0.5,0.5,0.5,1.0,0.045454545454545456,0.09545454545454546,2.0,12.0
r3-confirm-r1119,1119,0.0,0.5,0.5,0.0,0.5,0.0,0.045454545454545456,3.0,12.0
r3-confirm-r1120,1120,0.0,1.0,1.0,0.5,1.0,0.045454545454545456,0.13636363636363635,2.0,14.5
r3-confirm-r1121,1121,0.0,0.5,0.5,0.0,1.0,0.0,0.09090909090909091,3.0,10.0
r3-confirm-r1122,1122,0.0,1.0,1.0,0.5,1.0,0.041666666666666664,0.09090909090909091,2.0,11.0
r3-confirm-r1123,1123,0.0,0.5,0.5,0.5,0.5,0.041666666666666664,0.041666666666666664,1.0,11.0
r3-confirm-r1124,1124,0.0,0.5,0.5,0.5,0.5,0.041666666666666664,0.045454545454545456,2.5,9.0
r3-confirm-r1125,1125,0.5,0.0,-0.5,1.0,1.0,0.08333333333333333,0.09090909090909091,3.5,9.0
r3-confirm-r1126,1126,0.0,0.5,0.5,0.5,0.5,0.045454545454545456,0.045454545454545456,3.0,12.0
r3-confirm-r1127,1127,0.0,0.5,0.5,0.5,0.5,0.041666666666666664,0.08333333333333333,2.0,11.0
r3-confirm-r1128,1128,0.0,0.0,0.0,0.5,0.0,0.045454545454545456,0.0,2.5,12.0
r3-confirm-r1129,1129,0.0,0.0,0.0,0.0,0.5,0.0,0.05,4.0,13.0
r3-confirm-r1130,1130,0.0,0.5,0.5,0.5,1.0,0.045454545454545456,0.08712121212121213,3.0,12.0
r3-confirm-r1131,1131,0.0,0.5,0.5,0.5,0.5,0.041666666666666664,0.045454545454545456,1.5,11.5
r3-confirm-r1132,1132,0.0,0.5,0.5,0.5,0.5,0.045454545454545456,0.045454545454545456,4.0,10.0
r3-confirm-r1133,1133,0.0,0.5,0.5,0.0,0.5,0.0,0.045454545454545456,3.0,11.0
r3-confirm-r1134,1134,0.0,0.0,0.0,0.5,0.0,0.045454545454545456,0.0,4.0,10.0
r3-confirm-r1135,1135,0.0,1.0,1.0,0.5,1.0,0.045454545454545456,0.18181818181818182,3.0,11.0
r3-confirm-r1136,1136,0.0,1.0,1.0,0.0,1.0,0.0,0.125,2.0,10.0
r3-confirm-r1137,1137,0.5,1.0,0.5,1.0,1.0,0.125,0.09090909090909091,4.0,10.0
r3-confirm-r1138,1138,0.5,0.5,0.0,1.0,1.0,0.125,0.17424242424242425,3.5,11.0
r3-confirm-r1139,1139,0.0,0.5,0.5,0.5,0.5,0.08333333333333333,0.045454545454545456,1.0,11.5
r3-confirm-r1140,1140,0.0,0.5,0.5,1.0,0.5,0.09090909090909091,0.05,2.5,12.0
r3-confirm-r1141,1141,0.0,0.5,0.5,0.0,0.5,0.0,0.05,5.5,11.0
r3-confirm-r1142,1142,0.0,0.5,0.5,0.0,0.5,0.0,0.045454545454545456,4.0,10.0
r3-confirm-r1143,1143,0.0,0.5,0.5,0.0,0.5,0.0,0.09090909090909091,3.5,12.0
r3-confirm-r1144,1144,0.0,0.0,0.0,0.0,1.0,0.0,0.09090909090909091,2.5,10.0
r3-confirm-r1145,1145,0.0,0.5,0.5,0.0,1.0,0.0,0.09090909090909091,3.5,11.0
r3-confirm-r1146,1146,0.0,0.5,0.5,0.5,0.5,0.045454545454545456,0.09090909090909091,4.0,10.0
r3-confirm-r1147,1147,0.0,1.0,1.0,0.0,1.0,0.0,0.12878787878787878,1.0,11.0
r3-confirm-r1148,1148,0.0,1.0,1.0,1.0,1.0,0.08333333333333333,0.09090909090909091,2.0,12.0
r3-confirm-r1149,1149,0.0,0.0,0.0,0.5,0.0,0.045454545454545456,0.0,3.0,11.5
r3-confirm-r1150,1150,0.0,0.5,0.5,1.0,1.0,0.08712121212121213,0.09090909090909091,2.0,10.0
r3-confirm-r1151,1151,0.0,1.0,1.0,0.5,1.0,0.041666666666666664,0.09090909090909091,1.0,12.0
r3-confirm-r1152,1152,0.0,1.0,1.0,1.0,1.0,0.08712121212121213,0.125,3.0,10.0
r3-confirm-r1153,1153,0.0,0.5,0.5,0.5,0.5,0.041666666666666664,0.041666666666666664,3.0,8.5
r3-confirm-r1154,1154,0.0,1.0,1.0,0.5,1.0,0.045454545454545456,0.09090909090909091,4.0,10.0
r3-confirm-r1155,1155,0.5,0.5,0.0,0.5,0.5,0.041666666666666664,0.08333333333333333,3.0,10.0
r3-confirm-r1156,1156,0.0,0.5,0.5,1.0,1.0,0.09090909090909091,0.09090909090909091,3.5,10.0
r3-confirm-r1157,1157,0.0,1.0,1.0,0.5,1.0,0.041666666666666664,0.09090909090909091,4.0,11.0
r3-confirm-r1158,1158,0.0,1.0,1.0,0.0,1.0,0.0,0.09090909090909091,2.5,14.0
r3-confirm-r1159,1159,0.0,0.5,0.5,0.5,0.5,0.045454545454545456,0.045454545454545456,3.5,11.0
r3-confirm-r1160,1160,0.5,1.0,0.5,0.5,1.0,0.041666666666666664,0.08712121212121213,3.0,10.0
r3-confirm-r1161,1161,0.0,1.0,1.0,0.5,1.0,0.041666666666666664,0.13257575757575757,1.0,10.0
r3-confirm-r1162,1162,0.0,1.0,1.0,1.0,1.0,0.09090909090909091,0.09090909090909091,3.0,11.0
r3-confirm-r1163,1163,0.0,0.0,0.0,0.5,0.0,0.045454545454545456,0.0,2.0,12.5
r3-confirm-r1164,1164,0.0,0.0,0.0,0.5,0.0,0.045454545454545456,0.0,2.0,13.0
r3-confirm-r1165,1165,0.0,1.0,1.0,1.0,1.0,0.08712121212121213,0.09090909090909091,2.0,12.5
r3-confirm-r1166,1166,0.0,1.0,1.0,0.0,1.0,0.0,0.08712121212121213,3.5,10.0
r3-confirm-r1167,1167,0.0,0.5,0.5,0.5,0.5,0.041666666666666664,0.045454545454545456,0.5,13.0
r3-confirm-r1168,1168,0.0,1.0,1.0,0.5,1.0,0.041666666666666664,0.09090909090909091,1.5,11.0
r3-confirm-r1169,1169,0.0,1.0,1.0,0.0,1.0,0.0,0.08712121212121213,3.0,12.0
r3-confirm-r1170,1170,0.0,0.5,0.5,0.5,1.0,0.045454545454545456,0.1,1.0,13.0
r3-confirm-r1171,1171,0.0,0.5,0.5,0.0,0.5,0.0,0.045454545454545456,4.0,10.0
r3-confirm-r1172,1172,0.0,1.0,1.0,0.5,1.0,0.041666666666666664,0.16666666666666666,2.5,12.0
r3-confirm-r1173,1173,0.0,1.0,1.0,1.0,1.0,0.08333333333333333,0.09090909090909091,2.0,11.0
r3-confirm-r1174,1174,0.0,0.5,0.5,0.5,0.5,0.045454545454545456,0.045454545454545456,2.5,12.0
r3-confirm-r1175,1175,0.0,1.0,1.0,1.0,1.0,0.08333333333333333,0.12878787878787878,1.5,10.0
r3-confirm-r1176,1176,0.0,1.0,1.0,0.5,1.0,0.041666666666666664,0.09090909090909091,2.0,12.0
r3-confirm-r1177,1177,0.0,0.5,0.5,1.0,0.5,0.125,0.045454545454545456,2.0,11.0
r3-confirm-r1178,1178,0.0,1.0,1.0,0.0,1.0,0.0,0.13636363636363635,4.0,11.0
r3-confirm-r1179,1179,0.0,1.0,1.0,0.5,1.0,0.045454545454545456,0.09090909090909091,2.5,12.0
r3-confirm-r1180,1180,0.0,0.5,0.5,0.0,1.0,0.0,0.09090909090909091,3.5,10.0
r3-confirm-r1181,1181,0.0,1.0,1.0,0.5,1.0,0.045454545454545456,0.14090909090909093,0.5,13.0
r3-confirm-r1182,1182,0.0,1.0,1.0,0.0,1.0,0.0,0.09090909090909091,5.0,10.0
r3-confirm-r1183,1183,0.0,0.5,0.5,1.0,0.5,0.09545454545454546,0.05,1.0,14.0
r3-confirm-r1184,1184,0.0,0.0,0.0,0.0,0.5,0.0,0.045454545454545456,2.0,11.0
r3-confirm-r1185,1185,0.0,0.5,0.5,0.0,0.5,0.0,0.05,4.0,13.0
r3-confirm-r1186,1186,0.0,0.5,0.5,1.0,1.0,0.09090909090909091,0.09545454545454546,2.0,12.0
r3-confirm-r1187,1187,0.0,0.0,0.0,0.0,1.0,0.0,0.09090909090909091,2.0,11.0
r3-confirm-r1188,1188,0.0,1.0,1.0,0.5,1.0,0.045454545454545456,0.13636363636363635,2.0,13.0
r3-confirm-r1189,1189,0.0,0.0,0.0,0.0,0.0,0.0,0.0,1.0,14.0
r3-confirm-r1190,1190,0.0,0.5,0.5,0.0,0.5,0.0,0.05,3.0,12.5
r3-confirm-r1191,1191,0.0,1.0,1.0,1.0,1.0,0.09090909090909091,0.13636363636363635,2.0,14.0
r3-confirm-r1192,1192,0.0,0.5,0.5,0.0,0.5,0.0,0.045454545454545456,2.5,11.0
r3-confirm-r1193,1193,0.0,0.5,0.5,0.0,0.5,0.0,0.045454545454545456,2.0,11.0
r3-confirm-r1194,1194,0.0,1.0,1.0,0.5,1.0,0.045454545454545456,0.09545454545454546,1.0,14.0
r3-confirm-r1195,1195,0.5,1.0,0.5,0.5,1.0,0.041666666666666664,0.09090909090909091,3.0,11.0
r3-confirm-r1196,1196,0.0,1.0,1.0,0.5,1.0,0.045454545454545456,0.09090909090909091,2.0,13.0
r3-confirm-r1197,1197,0.0,1.0,1.0,1.0,1.0,0.08712121212121213,0.09090909090909091,2.0,12.0
r3-confirm-r1198,1198,0.0,0.5,0.5,0.5,0.5,0.041666666666666664,0.041666666666666664,4.0,8.0
r3-confirm-r1199,1199,0.0,0.5,0.5,0.0,0.5,0.0,0.08333333333333333,3.5,10.0
r3-confirm-r1200,1200,0.0,0.5,0.5,0.5,1.0,0.041666666666666664,0.09090909090909091,3.0,12.0
r3-confirm-r1201,1201,0.0,1.0,1.0,0.5,1.0,0.041666666666666664,0.12878787878787878,2.0,10.0
r3-confirm-r1202,1202,0.0,1.0,1.0,0.0,1.0,0.0,0.08333333333333333,2.5,9.0
r3-confirm-r1203,1203,0.0,1.0,1.0,0.5,1.0,0.045454545454545456,0.09090909090909091,2.5,10.0
r3-confirm-r1204,1204,0.0,0.5,0.5,1.0,0.5,0.09090909090909091,0.05,2.0,12.0
r3-confirm-r1205,1205,0.0,1.0,1.0,0.0,1.0,0.0,0.09090909090909091,1.0,12.0
r3-confirm-r1206,1206,0.0,0.0,0.0,0.0,0.0,0.0,0.0,2.5,11.5
r3-confirm-r1207,1207,0.0,1.0,1.0,0.5,1.0,0.041666666666666664,0.09090909090909091,2.5,11.0
r3-confirm-r1208,1208,0.0,0.0,0.0,0.5,0.0,0.041666666666666664,0.0,1.5,10.0
r3-confirm-r1209,1209,0.0,1.0,1.0,0.5,1.0,0.045454545454545456,0.09545454545454546,3.0,12.0
r3-confirm-r1210,1210,0.0,0.5,0.5,0.0,0.5,0.0,0.045454545454545456,2.5,11.0
r3-confirm-r1211,1211,0.0,0.5,0.5,0.5,1.0,0.08333333333333333,0.09090909090909091,1.5,11.0
r3-confirm-r1212,1212,0.0,1.0,1.0,1.0,1.0,0.09090909090909091,0.09545454545454546,1.5,13.0
r3-confirm-r1213,1213,0.0,0.5,0.5,0.5,1.0,0.045454545454545456,0.09090909090909091,3.5,12.0
r3-confirm-r1214,1214,0.0,0.5,0.5,0.0,1.0,0.0,0.09090909090909091,1.5,11.5
r3-confirm-r1215,1215,0.0,1.0,1.0,0.5,1.0,0.045454545454545456,0.09090909090909091,2.0,14.0
r3-confirm-r1216,1216,0.0,1.0,1.0,0.0,1.0,0.0,0.13636363636363635,2.5,11.0
r3-confirm-r1217,1217,0.0,1.0,1.0,0.5,1.0,0.041666666666666664,0.09090909090909091,1.0,13.0
r3-confirm-r1218,1218,0.0,0.0,0.0,0.5,0.0,0.045454545454545456,0.0,1.0,11.0
r3-confirm-r1219,1219,0.0,0.5,0.5,0.0,0.5,0.0,0.1,3.0,13.0
r3-confirm-r1220,1220,0.0,1.0,1.0,0.5,1.0,0.045454545454545456,0.09090909090909091,3.0,12.0
r3-confirm-r1221,1221,0.0,0.5,0.5,1.0,0.5,0.09090909090909091,0.045454545454545456,1.5,13.0
r3-confirm-r1222,1222,0.0,0.0,0.0,0.5,0.5,0.041666666666666664,0.045454545454545456,2.0,10.0
r3-confirm-r1223,1223,0.0,1.0,1.0,0.5,1.0,0.041666666666666664,0.08712121212121213,2.0,12.0
r3-confirm-r1224,1224,0.0,1.0,1.0,0.0,1.0,0.0,0.09090909090909091,1.5,13.0
r3-confirm-r1225,1225,0.0,1.0,1.0,1.0,1.0,0.13636363636363635,0.18181818181818182,2.5,14.0
r3-confirm-r1226,1226,0.0,1.0,1.0,0.0,1.0,0.0,0.09090909090909091,3.5,10.0
r3-confirm-r1227,1227,0.0,1.0,1.0,0.0,1.0,0.0,0.1,3.0,13.5
r3-confirm-r1228,1228,0.0,0.5,0.5,0.0,0.5,0.0,0.045454545454545456,1.5,11.0
r3-confirm-r1229,1229,0.0,1.0,1.0,0.0,1.0,0.0,0.09090909090909091,2.0,12.5
r3-confirm-r1230,1230,0.0,0.5,0.5,0.5,0.5,0.041666666666666664,0.08333333333333333,2.0,10.0
r3-confirm-r1231,1231,0.0,1.0,1.0,0.5,1.0,0.045454545454545456,0.09090909090909091,2.0,12.0
r3-confirm-r1232,1232,0.0,1.0,1.0,0.0,1.0,0.0,0.13636363636363635,3.0,11.0
r3-confirm-r1233,1233,0.0,0.5,0.5,0.0,0.5,0.0,0.09090909090909091,3.5,11.0
r3-confirm-r1234,1234,0.0,1.0,1.0,0.5,1.0,0.045454545454545456,0.12878787878787878,2.5,10.0
r3-confirm-r1235,1235,0.0,1.0,1.0,1.0,1.0,0.08333333333333333,0.09090909090909091,2.0,11.0
r3-confirm-r1236,1236,0.0,0.5,0.5,0.0,0.5,0.0,0.041666666666666664,3.0,9.0
r3-confirm-r1237,1237,0.0,0.5,0.5,0.5,0.5,0.041666666666666664,0.045454545454545456,3.0,10.0
r3-confirm-r1238,1238,0.0,0.5,0.5,0.0,1.0,0.0,0.09090909090909091,3.0,12.0
r3-confirm-r1239,1239,0.0,0.5,0.5,0.5,0.5,0.045454545454545456,0.045454545454545456,4.0,10.5
r3-confirm-r1240,1240,0.5,1.0,0.5,0.5,1.0,0.045454545454545456,0.09090909090909091,3.5,11.0
r3-confirm-r1241,1241,0.0,1.0,1.0,0.5,1.0,0.041666666666666664,0.13636363636363635,1.5,12.0
r3-confirm-r1242,1242,0.0,1.0,1.0,0.5,1.0,0.045454545454545456,0.09545454545454546,1.0,12.5
r3-confirm-r1243,1243,0.0,1.0,1.0,0.0,1.0,0.0,0.09090909090909091,2.5,11.0
r3-confirm-r1244,1244,0.0,1.0,1.0,0.5,1.0,0.045454545454545456,0.09545454545454546,3.0,13.0
r3-confirm-r1245,1245,0.0,0.5,0.5,0.5,0.5,0.08333333333333333,0.045454545454545456,1.5,14.0
r3-confirm-r1246,1246,0.0,1.0,1.0,0.0,1.0,0.0,0.12878787878787878,2.0,10.0
r3-confirm-r1247,1247,0.0,1.0,1.0,0.5,1.0,0.045454545454545456,0.09090909090909091,2.5,11.0
r3-confirm-r1248,1248,0.0,1.0,1.0,0.0,1.0,0.0,0.09545454545454546,2.0,13.0
r3-confirm-r1249,1249,0.0,1.0,1.0,0.5,1.0,0.041666666666666664,0.09090909090909091,3.0,9.0
r3-confirm-r1250,1250,0.0,1.0,1.0,1.0,1.0,0.08712121212121213,0.09090909090909091,3.5,11.0
r3-confirm-r1251,1251,0.0,1.0,1.0,1.0,1.0,0.09090909090909091,0.14090909090909093,2.0,12.5
r3-confirm-r1252,1252,0.0,0.0,0.0,0.5,1.0,0.041666666666666664,0.13636363636363635,3.0,10.0
r3-confirm-r1253,1253,0.0,1.0,1.0,0.5,1.0,0.041666666666666664,0.08712121212121213,3.0,11.0
r3-confirm-r1254,1254,0.0,0.5,0.5,0.5,0.5,0.045454545454545456,0.045454545454545456,4.0,11.0
r3-confirm-r1255,1255,0.0,1.0,1.0,0.5,1.0,0.045454545454545456,0.09090909090909091,2.5,11.0
r3-confirm-r1256,1256,0.0,1.0,1.0,0.0,1.0,0.0,0.12878787878787878,2.0,12.0
r3-confirm-r1257,1257,0.0,1.0,1.0,0.5,1.0,0.045454545454545456,0.09090909090909091,3.0,12.0
r3-confirm-r1258,1258,0.0,1.0,1.0,0.5,1.0,0.045454545454545456,0.09090909090909091,2.0,14.0
r3-confirm-r1259,1259,0.0,0.5,0.5,0.5,1.0,0.045454545454545456,0.14090909090909093,3.5,11.0
r3-confirm-r1260,1260,0.0,0.5,0.5,0.5,0.5,0.045454545454545456,0.045454545454545456,5.0,10.0
r3-confirm-r1261,1261,0.0,0.0,0.0,0.5,0.0,0.045454545454545456,0.0,1.0,14.0
r3-confirm-r1262,1262,0.0,1.0,1.0,0.0,1.0,0.0,0.09090909090909091,2.5,11.5
r3-confirm-r1263,1263,0.0,0.5,0.5,0.5,0.5,0.08333333333333333,0.045454545454545456,1.5,10.0
r3-confirm-r1264,1264,0.0,1.0,1.0,0.0,1.0,0.0,0.09090909090909091,1.5,13.0
r3-confirm-r1265,1265,0.0,1.0,1.0,0.5,1.0,0.041666666666666664,0.09090909090909091,1.5,11.5
r3-confirm-r1266,1266,0.0,1.0,1.0,0.0,1.0,0.0,0.09090909090909091,1.5,12.0
r3-confirm-r1267,1267,0.0,0.5,0.5,0.5,0.5,0.041666666666666664,0.041666666666666664,4.0,11.0
r3-confirm-r1268,1268,0.0,1.0,1.0,0.5,1.0,0.041666666666666664,0.09090909090909091,1.5,12.0
r3-confirm-r1269,1269,0.0,0.5,0.5,0.5,0.5,0.045454545454545456,0.05,1.0,14.0
r3-confirm-r1270,1270,0.5,1.0,0.5,1.0,1.0,0.13636363636363635,0.1,2.5,16.0
r3-confirm-r1271,1271,0.0,1.0,1.0,0.5,1.0,0.045454545454545456,0.13636363636363635,2.5,12.0
r3-confirm-r1272,1272,0.0,1.0,1.0,0.0,1.0,0.0,0.09090909090909091,2.0,13.0
r3-confirm-r1273,1273,0.0,0.0,0.0,0.0,0.0,0.0,0.0,2.5,9.0
r3-confirm-r1274,1274,0.0,1.0,1.0,0.5,1.0,0.045454545454545456,0.09090909090909091,0.5,13.0
r3-confirm-r1275,1275,0.0,0.0,0.0,0.0,0.5,0.0,0.05555555555555555,4.0,15.0
r3-confirm-r1276,1276,0.0,0.5,0.5,0.0,0.5,0.0,0.045454545454545456,2.5,10.0
r3-confirm-r1277,1277,0.0,0.0,0.0,0.5,0.0,0.045454545454545456,0.0,3.5,11.0
r3-confirm-r1278,1278,0.0,0.5,0.5,0.5,1.0,0.045454545454545456,0.09090909090909091,5.0,9.0
r3-confirm-r1279,1279,0.0,1.0,1.0,0.0,1.0,0.0,0.09090909090909091,4.0,12.0
r3-confirm-r1280,1280,0.0,0.5,0.5,0.0,0.5,0.0,0.045454545454545456,2.5,10.0
r3-confirm-r1281,1281,0.0,1.0,1.0,0.5,1.0,0.05,0.1,4.5,13.0
r3-confirm-r1282,1282,0.0,1.0,1.0,0.0,1.0,0.0,0.09545454545454546,3.0,13.0
r3-confirm-r1283,1283,0.0,1.0,1.0,0.5,1.0,0.045454545454545456,0.09090909090909091,3.0,12.0
r3-confirm-r1284,1284,0.0,1.0,1.0,0.0,1.0,0.0,0.09090909090909091,3.0,11.0
r3-confirm-r1285,1285,0.0,0.0,0.0,0.5,0.5,0.08333333333333333,0.045454545454545456,2.0,13.0
r3-confirm-r1286,1286,0.0,0.5,0.5,0.0,0.5,0.0,0.041666666666666664,1.0,11.0
r3-confirm-r1287,1287,0.0,1.0,1.0,0.0,1.0,0.0,0.09090909090909091,4.0,12.0
r3-confirm-r1288,1288,0.0,0.5,0.5,0.5,0.5,0.045454545454545456,0.05,0.5,14.5
r3-confirm-r1289,1289,0.5,1.0,0.5,0.5,1.0,0.09090909090909091,0.09090909090909091,3.5,12.0
r3-confirm-r1290,1290,0.0,1.0,1.0,0.5,1.0,0.045454545454545456,0.09090909090909091,1.0,13.0
r3-confirm-r1291,1291,0.0,0.5,0.5,0.0,0.5,0.0,0.045454545454545456,3.0,11.0
r3-confirm-r1292,1292,0.0,0.5,0.5,0.5,1.0,0.041666666666666664,0.125,3.0,10.5
r3-confirm-r1293,1293,0.5,0.5,0.0,1.0,0.5,0.09090909090909091,0.045454545454545456,5.0,11.0
r3-confirm-r1294,1294,0.0,1.0,1.0,0.5,1.0,0.08333333333333333,0.09090909090909091,0.5,12.0
r3-confirm-r1295,1295,0.0,0.5,0.5,1.0,0.5,0.09090909090909091,0.045454545454545456,3.0,11.0
r3-confirm-r1296,1296,0.0,0.0,0.0,0.0,0.0,0.0,0.0,1.5,11.5
r3-confirm-r1297,1297,0.5,0.5,0.0,0.5,0.5,0.09090909090909091,0.045454545454545456,3.5,13.0
r3-confirm-r1298,1298,0.0,0.5,0.5,0.0,0.5,0.0,0.08333333333333333,2.0,10.5
r3-confirm-r1299,1299,0.0,1.0,1.0,1.0,1.0,0.09545454545454546,0.09090909090909091,3.5,13.0
r3-confirm-r1300,1300,0.0,1.0,1.0,0.5,1.0,0.041666666666666664,0.08333333333333333,3.0,11.0
r3-confirm-r1301,1301,0.5,1.0,0.5,0.5,1.0,0.045454545454545456,0.13636363636363635,3.5,12.5
r3-confirm-r1302,1302,0.0,0.5,0.5,0.0,0.5,0.0,0.05,2.0,12.0
r3-confirm-r1303,1303,0.0,0.5,0.5,0.0,0.5,0.0,0.09090909090909091,2.5,10.0
r3-confirm-r1304,1304,0.0,0.0,0.0,0.0,0.0,0.0,0.0,2.0,9.0
r3-confirm-r1305,1305,0.0,0.5,0.5,1.0,0.5,0.09090909090909091,0.045454545454545456,3.0,12.0
r3-confirm-r1306,1306,0.5,0.5,0.0,0.5,0.5,0.041666666666666664,0.045454545454545456,2.5,10.0
r3-confirm-r1307,1307,0.0,1.0,1.0,0.5,1.0,0.045454545454545456,0.09090909090909091,1.0,11.0
r3-confirm-r1308,1308,0.0,0.0,0.0,0.5,0.0,0.041666666666666664,0.0,3.5,9.0
r3-confirm-r1309,1309,0.0,0.0,0.0,0.5,0.0,0.041666666666666664,0.0,3.5,10.0
r3-confirm-r1310,1310,0.0,1.0,1.0,0.0,1.0,0.0,0.08712121212121213,2.0,11.0
r3-confirm-r1311,1311,0.0,1.0,1.0,0.5,1.0,0.045454545454545456,0.09090909090909091,3.5,10.5
r3-confirm-r1312,1312,0.0,1.0,1.0,0.5,1.0,0.045454545454545456,0.08712121212121213,3.0,12.0
r3-confirm-r1313,1313,0.0,0.5,0.5,0.0,0.5,0.0,0.045454545454545456,2.5,10.0
r3-confirm-r1314,1314,0.0,0.5,0.5,0.0,1.0,0.0,0.09545454545454546,3.0,13.0
r3-confirm-r1315,1315,0.0,0.5,0.5,0.0,0.5,0.0,0.041666666666666664,2.5,10.0
r3-confirm-r1316,1316,0.0,1.0,1.0,0.0,1.0,0.0,0.09090909090909091,3.0,11.5
r3-confirm-r1317,1317,0.0,0.5,0.5,0.0,0.5,0.0,0.045454545454545456,2.5,13.0
r3-confirm-r1318,1318,0.0,1.0,1.0,0.0,1.0,0.0,0.09090909090909091,3.0,9.5
r3-confirm-r1319,1319,0.0,1.0,1.0,0.0,1.0,0.0,0.09090909090909091,1.5,13.0
r3-confirm-r1320,1320,0.0,1.0,1.0,0.5,1.0,0.041666666666666664,0.12878787878787878,2.0,11.0
r3-confirm-r1321,1321,0.0,0.5,0.5,0.5,0.5,0.041666666666666664,0.041666666666666664,2.0,12.0
r3-confirm-r1322,1322,0.0,1.0,1.0,0.0,1.0,0.0,0.1,2.5,15.0
r3-confirm-r1323,1323,0.0,1.0,1.0,0.0,1.0,0.0,0.09090909090909091,3.5,10.0
r3-confirm-r1324,1324,0.0,1.0,1.0,0.5,1.0,0.045454545454545456,0.09545454545454546,1.0,17.0
r3-confirm-r1325,1325,0.0,1.0,1.0,1.0,1.0,0.125,0.09545454545454546,0.5,13.0
r3-confirm-r1326,1326,0.0,0.5,0.5,1.0,0.5,0.09090909090909091,0.045454545454545456,2.5,10.0
r3-confirm-r1327,1327,0.0,1.0,1.0,0.5,1.0,0.041666666666666664,0.09545454545454546,2.0,11.5
r3-confirm-r1328,1328,0.0,0.0,0.0,0.0,0.0,0.0,0.0,3.5,10.0
r3-confirm-r1329,1329,0.0,0.5,0.5,0.5,1.0,0.041666666666666664,0.12878787878787878,2.0,10.0
r3-confirm-r1330,1330,0.5,0.5,0.0,1.0,1.0,0.09090909090909091,0.09090909090909091,3.5,10.0
r3-confirm-r1331,1331,0.0,1.0,1.0,0.0,1.0,0.0,0.09090909090909091,2.0,12.5
r3-confirm-r1332,1332,0.0,0.5,0.5,0.0,0.5,0.0,0.1,3.5,14.0
r3-confirm-r1333,1333,0.0,1.0,1.0,0.0,1.0,0.0,0.09090909090909091,0.5,13.0
r3-confirm-r1334,1334,0.0,1.0,1.0,0.5,1.0,0.045454545454545456,0.09090909090909091,3.0,11.0
r3-confirm-r1335,1335,0.0,0.5,0.5,0.5,0.5,0.045454545454545456,0.09090909090909091,3.0,12.0
r3-confirm-r1336,1336,0.0,1.0,1.0,0.0,1.0,0.0,0.09090909090909091,2.0,11.0
r3-confirm-r1337,1337,0.0,1.0,1.0,0.5,1.0,0.041666666666666664,0.08712121212121213,3.5,10.0
r3-confirm-r1338,1338,0.0,0.5,0.5,1.0,0.5,0.08333333333333333,0.045454545454545456,2.0,10.0
r3-confirm-r1339,1339,0.0,0.5,0.5,0.0,0.5,0.0,0.041666666666666664,4.0,9.0
r3-confirm-r1340,1340,0.0,1.0,1.0,0.5,1.0,0.045454545454545456,0.09090909090909091,2.5,11.5
r3-confirm-r1341,1341,0.0,1.0,1.0,0.5,1.0,0.041666666666666664,0.13636363636363635,3.0,11.0
r3-confirm-r1342,1342,0.0,0.5,0.5,0.5,0.5,0.09090909090909091,0.05,1.5,13.0
r3-confirm-r1343,1343,0.0,0.5,0.5,0.5,0.5,0.045454545454545456,0.09090909090909091,3.0,11.0
r3-confirm-r1344,1344,0.0,0.5,0.5,0.5,0.5,0.041666666666666664,0.045454545454545456,2.5,10.0
r3-confirm-r1345,1345,0.0,1.0,1.0,1.0,1.0,0.08333333333333333,0.09090909090909091,1.5,11.0
r3-confirm-r1346,1346,0.0,0.5,0.5,0.0,0.5,0.0,0.05,3.0,12.0
r3-confirm-r1347,1347,0.0,0.5,0.5,0.0,1.0,0.0,0.09090909090909091,1.5,12.0
r3-confirm-r1348,1348,0.0,1.0,1.0,0.5,1.0,0.045454545454545456,0.09545454545454546,1.5,13.5
r3-confirm-r1349,1349,0.0,1.0,1.0,0.0,1.0,0.0,0.13636363636363635,3.0,12.0
r3-confirm-r1350,1350,0.0,1.0,1.0,1.0,1.0,0.09545454545454546,0.09090909090909091,3.0,13.0
r3-confirm-r1351,1351,0.0,1.0,1.0,0.0,1.0,0.0,0.08712121212121213,1.0,12.0
r3-confirm-r1352,1352,0.0,1.0,1.0,0.5,1.0,0.045454545454545456,0.09090909090909091,2.0,12.0
r3-confirm-r1353,1353,0.0,0.5,0.5,1.0,1.0,0.09090909090909091,0.1,3.0,12.0
r3-confirm-r1354,1354,0.0,1.0,1.0,0.0,1.0,0.0,0.09090909090909091,3.0,12.0
r3-confirm-r1355,1355,0.0,1.0,1.0,1.0,1.0,0.09090909090909091,0.15000000000000002,2.0,15.0
r3-confirm-r1356,1356,0.0,1.0,1.0,0.5,1.0,0.045454545454545456,0.18181818181818182,2.5,13.0
r3-confirm-r1357,1357,0.0,0.5,0.5,0.5,0.5,0.041666666666666664,0.09090909090909091,1.0,13.0
r3-confirm-r1358,1358,0.0,0.5,0.5,0.0,0.5,0.0,0.045454545454545456,1.5,10.0
r3-confirm-r1359,1359,0.0,0.5,0.5,0.5,0.5,0.045454545454545456,0.045454545454545456,3.0,12.0
r3-confirm-r1360,1360,0.0,0.5,0.5,0.5,0.5,0.045454545454545456,0.045454545454545456,3.5,11.0
r3-confirm-r1361,1361,0.0,0.5,0.5,0.0,0.5,0.0,0.045454545454545456,2.0,11.0
r3-confirm-r1362,1362,0.0,0.5,0.5,0.0,0.5,0.0,0.045454545454545456,3.5,12.0
r3-confirm-r1363,1363,0.0,1.0,1.0,0.5,1.0,0.041666666666666664,0.125,2.5,10.0
r3-confirm-r1364,1364,0.0,0.0,0.0,0.0,0.0,0.0,0.0,2.5,11.5
r3-confirm-r1365,1365,0.0,1.0,1.0,0.5,1.0,0.045454545454545456,0.09545454545454546,5.0,13.0
r3-confirm-r1366,1366,0.0,0.5,0.5,0.0,0.5,0.0,0.045454545454545456,2.0,10.0
r3-confirm-r1367,1367,0.0,1.0,1.0,0.5,1.0,0.05,0.2,5.5,15.0
r3-confirm-r1368,1368,0.0,0.5,0.5,0.5,0.5,0.045454545454545456,0.045454545454545456,2.5,12.5
r3-confirm-r1369,1369,0.0,0.5,0.5,0.0,0.5,0.0,0.05,2.0,14.0
r3-confirm-r1370,1370,0.0,1.0,1.0,0.5,1.0,0.041666666666666664,0.09090909090909091,2.0,10.0
r3-confirm-r1371,1371,0.0,0.5,0.5,0.5,0.5,0.041666666666666664,0.041666666666666664,2.5,9.5
r3-confirm-r1372,1372,0.0,0.5,0.5,0.5,0.5,0.045454545454545456,0.045454545454545456,2.5,11.0
r3-confirm-r1373,1373,0.0,1.0,1.0,1.0,1.0,0.13636363636363635,0.14090909090909093,0.0,16.0
r3-confirm-r1374,1374,0.0,1.0,1.0,0.5,1.0,0.041666666666666664,0.13636363636363635,0.0,12.0
r3-confirm-r1375,1375,0.0,1.0,1.0,1.0,1.0,0.08712121212121213,0.09090909090909091,3.0,11.0
r3-confirm-r1376,1376,0.0,1.0,1.0,0.5,1.0,0.041666666666666664,0.09090909090909091,2.5,11.0
r3-confirm-r1377,1377,0.0,1.0,1.0,0.0,1.0,0.0,0.16666666666666666,3.5,9.0
r3-confirm-r1378,1378,0.0,1.0,1.0,0.5,1.0,0.045454545454545456,0.09545454545454546,3.0,12.0
r3-confirm-r1379,1379,0.0,0.0,0.0,0.5,1.0,0.045454545454545456,0.09545454545454546,2.5,12.0
r3-confirm-r1380,1380,0.0,0.5,0.5,0.0,0.5,0.0,0.045454545454545456,1.0,11.0
r3-confirm-r1381,1381,0.0,0.0,0.0,0.0,0.0,0.0,0.0,3.0,11.0
r3-confirm-r1382,1382,0.0,0.5,0.5,0.0,1.0,0.0,0.08712121212121213,3.5,9.5
r3-confirm-r1383,1383,0.0,1.0,1.0,0.5,1.0,0.045454545454545456,0.08712121212121213,2.0,12.0
r3-confirm-r1384,1384,0.0,0.5,0.5,0.0,0.5,0.0,0.045454545454545456,2.0,11.0
r3-confirm-r1385,1385,0.0,1.0,1.0,0.5,1.0,0.05,0.10101010101010101,1.5,15.0
r3-confirm-r1386,1386,0.0,1.0,1.0,0.5,1.0,0.05,0.09090909090909091,2.5,13.0
r3-confirm-r1387,1387,0.0,0.5,0.5,0.0,0.5,0.0,0.045454545454545456,1.5,11.0
r3-confirm-r1388,1388,0.0,1.0,1.0,1.0,1.0,0.09090909090909091,0.09090909090909091,2.5,12.0
r3-confirm-r1389,1389,0.0,0.5,0.5,0.5,0.5,0.041666666666666664,0.08333333333333333,2.0,11.0
r3-confirm-r1390,1390,0.0,0.0,0.0,0.5,0.0,0.045454545454545456,0.0,2.0,13.0
r3-confirm-r1391,1391,0.0,0.5,0.5,0.0,0.5,0.0,0.045454545454545456,2.0,12.0
r3-confirm-r1392,1392,0.0,0.5,0.5,0.5,0.5,0.041666666666666664,0.045454545454545456,3.0,10.0
r3-confirm-r1393,1393,0.0,1.0,1.0,1.0,1.0,0.09090909090909091,0.09090909090909091,2.5,11.0
r3-confirm-r1394,1394,0.0,0.0,0.0,0.0,0.0,0.0,0.0,6.0,12.0
r3-confirm-r1395,1395,0.0,0.5,0.5,0.5,0.5,0.045454545454545456,0.045454545454545456,3.5,12.0
r3-confirm-r1396,1396,0.0,1.0,1.0,0.5,1.0,0.045454545454545456,0.13636363636363635,1.0,15.0
r3-confirm-r1397,1397,0.0,0.5,0.5,0.5,0.5,0.041666666666666664,0.045454545454545456,2.0,10.0
r3-confirm-r1398,1398,0.0,0.5,0.5,0.5,1.0,0.041666666666666664,0.09090909090909091,2.5,10.0
r3-confirm-r1399,1399,0.0,0.5,0.5,0.5,1.0,0.045454545454545456,0.09545454545454546,3.0,11.0
r3-confirm-r1400,1400,0.0,0.5,0.5,0.0,0.5,0.0,0.045454545454545456,1.5,10.0
r3-confirm-r1401,1401,0.0,0.5,0.5,0.5,1.0,0.045454545454545456,0.09090909090909091,3.5,10.0
r3-confirm-r1402,1402,0.0,1.0,1.0,0.0,1.0,0.0,0.13636363636363635,3.0,11.0
r3-confirm-r1403,1403,0.0,1.0,1.0,0.0,1.0,0.0,0.13257575757575757,3.0,13.0
r3-confirm-r1404,1404,0.0,1.0,1.0,1.0,1.0,0.09090909090909091,0.14090909090909093,3.0,13.0
r3-confirm-r1405,1405,0.0,0.5,0.5,0.0,1.0,0.0,0.12878787878787878,2.5,10.0
r3-confirm-r1406,1406,0.0,1.0,1.0,0.0,1.0,0.0,0.09545454545454546,0.0,15.0
r3-confirm-r1407,1407,0.0,1.0,1.0,0.5,1.0,0.045454545454545456,0.13636363636363635,3.5,13.0
r3-confirm-r1408,1408,0.0,0.5,0.5,0.5,0.5,0.041666666666666664,0.045454545454545456,3.0,10.0
r3-confirm-r1409,1409,0.0,1.0,1.0,0.0,1.0,0.0,0.1,3.0,13.0
r3-confirm-r1410,1410,0.0,0.5,0.5,0.0,0.5,0.0,0.041666666666666664,2.0,11.0
r3-confirm-r1411,1411,0.0,0.0,0.0,0.0,0.0,0.0,0.0,5.0,14.0
r3-confirm-r1412,1412,0.0,1.0,1.0,1.0,1.0,0.09090909090909091,0.09090909090909091,2.5,12.0
r3-confirm-r1413,1413,0.0,0.5,0.5,0.0,0.5,0.0,0.08333333333333333,2.5,11.0
r3-confirm-r1414,1414,0.0,1.0,1.0,0.0,1.0,0.0,0.17045454545454547,2.0,11.0
r3-confirm-r1415,1415,0.0,1.0,1.0,0.5,1.0,0.041666666666666664,0.13636363636363635,2.5,12.0
r3-confirm-r1416,1416,0.0,0.5,0.5,0.5,0.5,0.045454545454545456,0.05,1.5,12.0
r3-confirm-r1417,1417,0.0,0.5,0.5,0.0,0.5,0.0,0.041666666666666664,4.5,8.0
r3-confirm-r1418,1418,0.0,1.0,1.0,0.0,1.0,0.0,0.09090909090909091,1.5,12.5
r3-confirm-r1419,1419,0.0,1.0,1.0,0.5,1.0,0.041666666666666664,0.18181818181818182,2.5,14.0
r3-confirm-r1420,1420,0.0,0.5,0.5,0.0,0.5,0.0,0.05555555555555555,3.5,18.0
r3-confirm-r1421,1421,0.0,1.0,1.0,0.5,1.0,0.045454545454545456,0.09090909090909091,1.5,12.0
r3-confirm-r1422,1422,0.0,1.0,1.0,0.0,1.0,0.0,0.13636363636363635,3.5,12.0
r3-confirm-r1423,1423,0.0,1.0,1.0,0.0,1.0,0.0,0.09545454545454546,1.0,12.0
r3-confirm-r1424,1424,0.0,1.0,1.0,0.0,1.0,0.0,0.09090909090909091,1.0,12.0
r3-confirm-r1425,1425,0.0,0.0,0.0,0.5,0.0,0.041666666666666664,0.0,3.5,9.5
r3-confirm-r1426,1426,0.0,1.0,1.0,0.5,1.0,0.05,0.18181818181818182,3.0,14.0
r3-confirm-r1427,1427,0.0,0.0,0.0,0.0,0.5,0.0,0.045454545454545456,4.0,11.0
r3-confirm-r1428,1428,0.0,1.0,1.0,0.5,1.0,0.045454545454545456,0.13636363636363635,1.0,13.0
r3-confirm-r1429,1429,0.0,0.5,0.5,0.0,0.5,0.0,0.045454545454545456,3.5,11.0
r3-confirm-r1430,1430,0.0,1.0,1.0,0.0,1.0,0.0,0.09090909090909091,4.0,12.0
r3-confirm-r1431,1431,0.0,0.5,0.5,0.0,0.5,0.0,0.045454545454545456,2.5,10.0
r3-confirm-r1432,1432,0.0,1.0,1.0,0.5,1.0,0.041666666666666664,0.12878787878787878,2.0,10.0
r3-confirm-r1433,1433,0.0,1.0,1.0,0.5,1.0,0.08333333333333333,0.16666666666666666,1.5,10.0
r3-confirm-r1434,1434,0.0,1.0,1.0,0.5,1.0,0.045454545454545456,0.09090909090909091,2.0,12.0
r3-confirm-r1435,1435,0.0,1.0,1.0,0.5,1.0,0.045454545454545456,0.09090909090909091,1.0,12.0
r3-confirm-r1436,1436,0.0,0.5,0.5,0.5,0.5,0.041666666666666664,0.045454545454545456,2.0,11.0
r3-confirm-r1437,1437,0.0,1.0,1.0,0.0,1.0,0.0,0.13636363636363635,4.0,11.0
r3-confirm-r1438,1438,0.0,0.5,0.5,0.0,0.5,0.0,0.045454545454545456,3.5,10.0
r3-confirm-r1439,1439,0.0,0.5,0.5,0.5,0.5,0.045454545454545456,0.045454545454545456,3.5,11.0
r3-confirm-r1440,1440,0.0,0.5,0.5,1.0,0.5,0.09090909090909091,0.045454545454545456,2.0,12.5
r3-confirm-r1441,1441,0.0,0.5,0.5,0.0,0.5,0.0,0.08333333333333333,2.5,9.0
r3-confirm-r1442,1442,0.0,0.5,0.5,0.0,0.5,0.0,0.045454545454545456,2.5,11.0
r3-confirm-r1443,1443,0.0,1.0,1.0,1.0,1.0,0.09090909090909091,0.09090909090909091,3.0,12.0
r3-confirm-r1444,1444,0.0,1.0,1.0,0.5,1.0,0.045454545454545456,0.09545454545454546,3.0,12.5
r3-confirm-r1445,1445,0.0,0.5,0.5,0.0,0.5,0.0,0.045454545454545456,2.0,12.5
r3-confirm-r1446,1446,0.0,1.0,1.0,0.5,1.0,0.045454545454545456,0.09090909090909091,2.0,12.0
r3-confirm-r1447,1447,0.0,0.0,0.0,0.5,0.5,0.041666666666666664,0.045454545454545456,2.0,10.0
r3-confirm-r1448,1448,0.0,0.0,0.0,0.5,0.5,0.045454545454545456,0.045454545454545456,3.5,10.0
r3-confirm-r1449,1449,0.0,0.5,0.5,0.5,0.5,0.045454545454545456,0.045454545454545456,4.0,10.0
r3-confirm-r1450,1450,0.0,0.5,0.5,0.0,0.5,0.0,0.041666666666666664,2.5,11.0
r3-confirm-r1451,1451,0.0,1.0,1.0,0.5,1.0,0.045454545454545456,0.13636363636363635,0.0,14.0
r3-confirm-r1452,1452,0.0,0.5,0.5,0.0,1.0,0.0,0.1,2.5,13.0
r3-confirm-r1453,1453,0.0,0.5,0.5,0.0,1.0,0.0,0.08712121212121213,3.5,10.0
r3-confirm-r1454,1454,0.0,0.5,0.5,0.0,0.5,0.0,0.045454545454545456,3.0,11.0
r3-confirm-r1455,1455,0.0,0.5,0.5,0.0,0.5,0.0,0.045454545454545456,3.0,11.0
r3-confirm-r1456,1456,0.0,1.0,1.0,1.0,1.0,0.08712121212121213,0.14090909090909093,1.5,12.0
r3-confirm-r1457,1457,0.0,1.0,1.0,0.0,1.0,0.0,0.09090909090909091,2.0,13.0
r3-confirm-r1458,1458,0.0,0.5,0.5,0.0,1.0,0.0,0.09090909090909091,2.5,11.0
r3-confirm-r1459,1459,0.0,0.5,0.5,0.5,0.5,0.045454545454545456,0.09090909090909091,3.0,15.0
r3-confirm-r1460,1460,0.0,0.5,0.5,0.0,0.5,0.0,0.045454545454545456,2.5,11.0
r3-confirm-r1461,1461,0.0,1.0,1.0,0.5,1.0,0.041666666666666664,0.09090909090909091,4.0,11.0
r3-confirm-r1462,1462,0.0,1.0,1.0,0.5,1.0,0.045454545454545456,0.09545454545454546,2.0,13.0
r3-confirm-r1463,1463,0.0,0.5,0.5,0.0,0.5,0.0,0.045454545454545456,1.0,11.0
r3-confirm-r1464,1464,0.0,0.5,0.5,0.0,1.0,0.0,0.09090909090909091,3.0,9.0
r3-confirm-r1465,1465,0.0,0.5,0.5,0.0,0.5,0.0,0.045454545454545456,2.0,11.5
r3-confirm-r1466,1466,0.0,0.5,0.5,0.5,0.5,0.041666666666666664,0.041666666666666664,2.5,10.0
r3-confirm-r1467,1467,0.0,0.5,0.5,0.0,0.5,0.0,0.045454545454545456,3.5,9.0
r3-confirm-r1468,1468,0.0,0.5,0.5,0.5,0.5,0.041666666666666664,0.045454545454545456,2.5,11.0
r3-confirm-r1469,1469,0.0,0.5,0.5,0.0,0.5,0.0,0.05,3.5,16.0
r3-confirm-r1470,1470,0.0,1.0,1.0,0.0,1.0,0.0,0.13636363636363635,3.0,12.0
r3-confirm-r1471,1471,0.0,0.5,0.5,0.0,0.5,0.0,0.045454545454545456,4.5,10.0
r3-confirm-r1472,1472,0.0,1.0,1.0,0.5,1.0,0.045454545454545456,0.125,2.0,12.0
r3-confirm-r1473,1473,0.0,0.5,0.5,1.0,0.5,0.08712121212121213,0.045454545454545456,3.0,9.0
r3-confirm-r1474,1474,0.0,1.0,1.0,0.5,1.0,0.045454545454545456,0.09090909090909091,2.0,13.0
r3-confirm-r1475,1475,0.0,1.0,1.0,0.5,1.0,0.08333333333333333,0.17424242424242425,1.5,11.0
r3-confirm-r1476,1476,0.0,0.5,0.5,0.5,0.5,0.08333333333333333,0.045454545454545456,2.0,11.0
r3-confirm-r1477,1477,0.0,0.5,0.5,0.5,0.5,0.045454545454545456,0.045454545454545456,3.5,13.0
r3-confirm-r1478,1478,0.0,0.0,0.0,0.0,0.0,0.0,0.0,3.5,12.0
r3-confirm-r1479,1479,0.0,1.0,1.0,0.5,1.0,0.045454545454545456,0.09090909090909091,2.0,11.0
r3-confirm-r1480,1480,0.0,1.0,1.0,1.0,1.0,0.09090909090909091,0.1,3.0,14.0
r3-confirm-r1481,1481,0.0,1.0,1.0,0.0,1.0,0.0,0.09545454545454546,3.0,13.0
r3-confirm-r1482,1482,0.0,0.5,0.5,0.0,1.0,0.0,0.08333333333333333,2.5,9.0
r3-confirm-r1483,1483,0.0,0.0,0.0,0.0,0.0,0.0,0.0,3.0,10.0
r3-confirm-r1484,1484,0.0,0.0,0.0,0.5,0.5,0.05,0.05,4.0,12.0
r3-confirm-r1485,1485,0.0,0.5,0.5,0.5,0.5,0.041666666666666664,0.041666666666666664,2.0,9.0
r3-confirm-r1486,1486,1.0,0.0,-1.0,1.0,0.5,0.08333333333333333,0.045454545454545456,3.0,9.0
r3-confirm-r1487,1487,0.0,0.5,0.5,0.0,0.5,0.0,0.045454545454545456,3.0,10.0
r3-confirm-r1488,1488,0.0,1.0,1.0,1.0,1.0,0.125,0.08712121212121213,2.5,9.5
r3-confirm-r1489,1489,0.5,1.0,0.5,0.5,1.0,0.045454545454545456,0.1,6.0,11.0
r3-confirm-r1490,1490,0.0,0.5,0.5,1.0,0.5,0.08333333333333333,0.08333333333333333,3.0,9.5
r3-confirm-r1491,1491,0.0,1.0,1.0,0.0,1.0,0.0,0.13636363636363635,3.0,11.0
r3-confirm-r1492,1492,0.0,1.0,1.0,0.5,1.0,0.041666666666666664,0.09090909090909091,2.0,11.0
r3-confirm-r1493,1493,0.0,0.5,0.5,0.5,0.5,0.041666666666666664,0.041666666666666664,3.5,9.0
r3-confirm-r1494,1494,0.0,1.0,1.0,1.0,1.0,0.08333333333333333,0.09090909090909091,1.5,12.0
r3-confirm-r1495,1495,0.0,1.0,1.0,0.0,1.0,0.0,0.16666666666666666,2.5,10.0
r3-confirm-r1496,1496,0.0,0.5,0.5,1.0,0.5,0.08333333333333333,0.045454545454545456,2.0,10.5
r3-confirm-r1497,1497,0.0,0.5,0.5,0.5,1.0,0.045454545454545456,0.09090909090909091,3.0,12.0
r3-confirm-r1498,1498,0.0,1.0,1.0,0.0,1.0,0.0,0.09090909090909091,1.0,11.0
r3-confirm-r1499,1499,0.0,1.0,1.0,0.0,1.0,0.0,0.09090909090909091,2.5,11.0
r3-confirm-r1500,1500,0.0,0.5,0.5,0.5,1.0,0.05,0.1,4.5,14.0
r3-confirm-r1501,1501,0.0,1.0,1.0,0.5,1.0,0.045454545454545456,0.13636363636363635,3.5,11.0
r3-confirm-r1502,1502,0.0,1.0,1.0,0.0,1.0,0.0,0.08712121212121213,2.0,10.0
r3-confirm-r1503,1503,0.0,1.0,1.0,0.0,1.0,0.0,0.13333333333333333,1.0,14.0
r3-confirm-r1504,1504,0.0,0.5,0.5,0.5,0.5,0.045454545454545456,0.045454545454545456,2.0,11.0
r3-confirm-r1505,1505,0.0,0.5,0.5,0.0,0.5,0.0,0.05,4.0,13.0
r3-confirm-r1506,1506,0.0,0.5,0.5,0.0,1.0,0.0,0.09090909090909091,2.0,10.0
r3-confirm-r1507,1507,0.0,0.5,0.5,0.5,0.5,0.045454545454545456,0.045454545454545456,2.5,11.5
r3-confirm-r1508,1508,0.0,1.0,1.0,0.0,1.0,0.0,0.14090909090909093,0.5,13.0
r3-confirm-r1509,1509,0.0,0.5,0.5,1.0,0.5,0.08333333333333333,0.045454545454545456,1.5,11.0
r3-confirm-r1510,1510,0.0,0.5,0.5,0.0,0.5,0.0,0.045454545454545456,1.5,12.0
r3-confirm-r1511,1511,0.0,1.0,1.0,0.5,1.0,0.041666666666666664,0.12878787878787878,2.5,12.0
r3-confirm-r1512,1512,0.0,0.5,0.5,1.0,0.5,0.09090909090909091,0.09090909090909091,3.0,12.0
r3-confirm-r1513,1513,0.0,0.5,0.5,0.5,0.5,0.05,0.05,4.0,13.0
r3-confirm-r1514,1514,0.0,1.0,1.0,0.5,1.0,0.041666666666666664,0.08712121212121213,2.5,10.5
r3-confirm-r1515,1515,0.0,0.5,0.5,0.5,1.0,0.045454545454545456,0.09090909090909091,2.5,12.0
r3-confirm-r1516,1516,0.0,0.0,0.0,0.0,0.5,0.0,0.05,3.0,13.0
r3-confirm-r1517,1517,0.0,0.0,0.0,0.5,0.0,0.041666666666666664,0.0,3.5,10.0
r3-confirm-r1518,1518,0.0,0.5,0.5,0.5,1.0,0.041666666666666664,0.08712121212121213,3.0,9.5
r3-confirm-r1519,1519,0.0,1.0,1.0,0.5,1.0,0.08333333333333333,0.09090909090909091,2.0,12.0
r3-confirm-r1520,1520,0.0,1.0,1.0,0.0,1.0,0.0,0.13636363636363635,3.0,11.0
r3-confirm-r1521,1521,0.0,1.0,1.0,0.0,1.0,0.0,0.08712121212121213,2.5,10.0
r3-confirm-r1522,1522,0.0,0.5,0.5,0.0,0.5,0.0,0.045454545454545456,2.5,11.0
r3-confirm-r1523,1523,0.0,1.0,1.0,0.5,1.0,0.045454545454545456,0.09545454545454546,1.5,13.0
r3-confirm-r1524,1524,0.0,0.5,0.5,0.0,0.5,0.0,0.045454545454545456,3.0,14.0
r3-confirm-r1525,1525,0.0,1.0,1.0,0.0,1.0,0.0,0.09090909090909091,2.5,10.0
r3-confirm-r1526,1526,0.0,1.0,1.0,0.0,1.0,0.0,0.13257575757575757,2.5,12.5
r3-confirm-r1527,1527,0.0,0.5,0.5,0.5,0.5,0.041666666666666664,0.045454545454545456,2.0,12.0
r3-confirm-r1528,1528,0.0,1.0,1.0,1.0,1.0,0.09090909090909091,0.09545454545454546,3.0,12.0
r3-confirm-r1529,1529,0.0,1.0,1.0,0.0,1.0,0.0,0.14090909090909093,1.5,13.0
r3-confirm-r1530,1530,0.0,1.0,1.0,0.0,1.0,0.0,0.09090909090909091,2.0,13.0
r3-confirm-r1531,1531,0.0,0.5,0.5,0.0,0.5,0.0,0.09090909090909091,2.0,12.0
r3-confirm-r1532,1532,0.0,1.0,1.0,0.0,1.0,0.0,0.12878787878787878,2.0,10.5
r3-confirm-r1533,1533,0.0,0.5,0.5,0.0,0.5,0.0,0.045454545454545456,1.5,11.0
r3-confirm-r1534,1534,0.0,1.0,1.0,0.0,1.0,0.0,0.13636363636363635,4.0,11.0
r3-confirm-r1535,1535,0.0,0.0,0.0,0.0,1.0,0.0,0.09090909090909091,2.5,10.0
r3-confirm-r1536,1536,0.0,1.0,1.0,0.5,1.0,0.045454545454545456,0.09090909090909091,3.0,13.0
r3-confirm-r1537,1537,0.0,0.0,0.0,0.0,0.0,0.0,0.0,1.0,11.5
r3-confirm-r1538,1538,0.0,0.5,0.5,0.0,0.5,0.0,0.08333333333333333,3.5,10.0
r3-confirm-r1539,1539,0.0,0.5,0.5,0.5,0.5,0.045454545454545456,0.045454545454545456,2.5,12.5
r3-confirm-r1540,1540,0.0,1.0,1.0,0.0,1.0,0.0,0.09090909090909091,3.5,11.0
r3-confirm-r1541,1541,0.0,0.5,0.5,0.5,0.5,0.045454545454545456,0.045454545454545456,1.5,12.0
r3-confirm-r1542,1542,0.0,1.0,1.0,0.5,1.0,0.041666666666666664,0.13257575757575757,3.0,12.0
r3-confirm-r1543,1543,0.0,0.5,0.5,1.0,1.0,0.09090909090909091,0.14090909090909093,2.0,12.0
r3-confirm-r1544,1544,0.0,1.0,1.0,0.5,1.0,0.041666666666666664,0.12878787878787878,3.0,11.0
r3-confirm-r1545,1545,0.0,1.0,1.0,1.0,1.0,0.08333333333333333,0.12878787878787878,4.0,11.0
r3-confirm-r1546,1546,0.0,0.5,0.5,0.5,1.0,0.045454545454545456,0.09090909090909091,2.5,11.0
r3-confirm-r1547,1547,0.0,1.0,1.0,0.5,1.0,0.045454545454545456,0.09090909090909091,2.5,11.0
r3-confirm-r1548,1548,0.0,1.0,1.0,0.0,1.0,0.0,0.13636363636363635,2.0,17.0
r3-confirm-r1549,1549,0.0,1.0,1.0,0.5,1.0,0.045454545454545456,0.09090909090909091,3.5,11.0
r3-confirm-r1550,1550,0.0,1.0,1.0,0.0,1.0,0.0,0.09545454545454546,1.0,13.0
r3-confirm-r1551,1551,0.0,1.0,1.0,0.5,1.0,0.045454545454545456,0.09545454545454546,3.0,13.5
r3-confirm-r1552,1552,0.0,0.5,0.5,0.5,0.5,0.045454545454545456,0.045454545454545456,2.0,13.0
r3-confirm-r1553,1553,0.0,1.0,1.0,1.0,1.0,0.09090909090909091,0.09090909090909091,3.0,11.5
r3-confirm-r1554,1554,0.0,1.0,1.0,0.5,1.0,0.045454545454545456,0.09545454545454546,2.0,13.0
r3-confirm-r1555,1555,0.0,0.5,0.5,0.5,0.5,0.045454545454545456,0.05,3.0,12.5
r3-confirm-r1556,1556,0.0,1.0,1.0,0.5,1.0,0.041666666666666664,0.13636363636363635,3.0,11.0
r3-confirm-r1557,1557,0.0,0.5,0.5,0.0,0.5,0.0,0.045454545454545456,1.5,10.0
r3-confirm-r1558,1558,0.0,1.0,1.0,0.5,1.0,0.045454545454545456,0.15000000000000002,2.0,13.0
r3-confirm-r1559,1559,0.0,1.0,1.0,0.5,1.0,0.045454545454545456,0.09090909090909091,3.0,12.0
r3-confirm-r1560,1560,0.0,0.5,0.5,0.5,0.5,0.045454545454545456,0.041666666666666664,1.5,13.0
r3-confirm-r1561,1561,0.0,0.5,0.5,1.0,0.5,0.08712121212121213,0.05,1.5,12.0
r3-confirm-r1562,1562,0.0,0.5,0.5,1.0,0.5,0.09090909090909091,0.045454545454545456,3.0,10.0
r3-confirm-r1563,1563,0.0,0.5,0.5,0.0,0.5,0.0,0.045454545454545456,3.0,10.0
r3-confirm-r1564,1564,0.0,1.0,1.0,0.0,1.0,0.0,0.13636363636363635,2.5,11.0
r3-confirm-r1565,1565,0.0,1.0,1.0,0.5,1.0,0.08333333333333333,0.09545454545454546,3.0,11.5
r3-confirm-r1566,1566,0.0,1.0,1.0,0.5,1.0,0.045454545454545456,0.09090909090909091,3.0,12.0
r3-confirm-r1567,1567,0.0,0.5,0.5,1.0,0.5,0.08333333333333333,0.045454545454545456,1.0,11.5
r3-confirm-r1568,1568,0.0,0.5,0.5,0.5,0.5,0.045454545454545456,0.045454545454545456,3.5,12.0
r3-confirm-r1569,1569,0.0,0.5,0.5,0.0,0.5,0.0,0.05,3.0,12.0
r3-confirm-r1570,1570,0.0,0.0,0.0,0.5,0.0,0.05555555555555555,0.0,7.0,15.5
r3-confirm-r1571,1571,0.0,1.0,1.0,0.0,1.0,0.0,0.13636363636363635,1.5,13.0
r3-confirm-r1572,1572,0.0,1.0,1.0,0.5,1.0,0.041666666666666664,0.09090909090909091,2.0,12.0
r3-confirm-r1573,1573,0.0,1.0,1.0,0.5,1.0,0.045454545454545456,0.1,2.0,14.5
r3-confirm-r1574,1574,0.0,1.0,1.0,0.0,1.0,0.0,0.09090909090909091,1.5,12.0
r3-confirm-r1575,1575,0.0,1.0,1.0,1.0,1.0,0.13636363636363635,0.13636363636363635,2.5,13.0
r3-confirm-r1576,1576,0.0,1.0,1.0,0.5,1.0,0.08333333333333333,0.12878787878787878,2.0,13.0
r3-confirm-r1577,1577,0.0,0.5,0.5,0.0,0.5,0.0,0.045454545454545456,4.0,11.0
r3-confirm-r1578,1578,0.0,0.5,0.5,0.0,0.5,0.0,0.045454545454545456,5.0,10.0
r3-confirm-r1579,1579,0.0,0.0,0.0,0.0,0.5,0.0,0.045454545454545456,2.0,10.0
r3-confirm-r1580,1580,0.0,0.0,0.0,0.0,0.0,0.0,0.0,1.5,10.0
r3-confirm-r1581,1581,0.0,0.5,0.5,0.5,0.5,0.041666666666666664,0.045454545454545456,1.0,13.0
r3-confirm-r1582,1582,0.0,1.0,1.0,0.5,1.0,0.045454545454545456,0.09090909090909091,1.0,14.0
r3-confirm-r1583,1583,0.0,1.0,1.0,0.5,1.0,0.045454545454545456,0.09090909090909091,3.0,12.0
r3-confirm-r1584,1584,0.0,0.5,0.5,0.5,1.0,0.041666666666666664,0.13636363636363635,2.0,9.5
r3-confirm-r1585,1585,0.0,1.0,1.0,0.0,1.0,0.0,0.13636363636363635,2.0,13.0
r3-confirm-r1586,1586,0.0,1.0,1.0,0.0,1.0,0.0,0.09090909090909091,3.0,12.0
r3-confirm-r1587,1587,0.0,0.5,0.5,1.0,1.0,0.09090909090909091,0.09545454545454546,4.0,12.5
r3-confirm-r1588,1588,0.0,1.0,1.0,0.5,1.0,0.041666666666666664,0.09090909090909091,1.5,13.0
r3-confirm-r1589,1589,0.0,0.5,0.5,0.0,1.0,0.0,0.14090909090909093,2.5,12.0
r3-confirm-r1590,1590,0.0,1.0,1.0,0.0,1.0,0.0,0.16666666666666666,3.5,11.0
r3-confirm-r1591,1591,0.0,0.5,0.5,0.0,0.5,0.0,0.05,3.0,13.0
r3-confirm-r1592,1592,0.5,1.0,0.5,0.5,1.0,0.041666666666666664,0.09090909090909091,3.5,10.0
r3-confirm-r1593,1593,0.0,1.0,1.0,0.0,1.0,0.0,0.09090909090909091,3.0,12.0
r3-confirm-r1594,1594,0.0,0.5,0.5,1.0,0.5,0.125,0.045454545454545456,2.5,9.0
r3-confirm-r1595,1595,0.0,1.0,1.0,0.5,1.0,0.045454545454545456,0.09090909090909091,3.5,11.0
r3-confirm-r1596,1596,0.0,0.5,0.5,0.0,0.5,0.0,0.045454545454545456,2.5,9.0
r3-confirm-r1597,1597,0.5,0.5,0.0,0.5,1.0,0.045454545454545456,0.13636363636363635,4.0,11.0
r3-confirm-r1598,1598,0.5,0.5,0.0,1.0,0.5,0.09090909090909091,0.045454545454545456,4.0,10.0
r3-confirm-r1599,1599,0.0,1.0,1.0,1.0,1.0,0.09090909090909091,0.13636363636363635,3.0,13.0
r3-confirm-r1600,1600,0.0,0.5,0.5,0.0,0.5,0.0,0.09090909090909091,1.5,11.5
r3-confirm-r1601,1601,0.0,1.0,1.0,0.0,1.0,0.0,0.09090909090909091,2.0,13.0
r3-confirm-r1602,1602,0.0,1.0,1.0,0.5,1.0,0.045454545454545456,0.1,3.0,14.0
r3-confirm-r1603,1603,0.0,1.0,1.0,0.0,1.0,0.0,0.08712121212121213,3.0,11.0
r3-confirm-r1604,1604,0.0,0.0,0.0,0.0,0.5,0.0,0.041666666666666664,4.5,8.5
r3-confirm-r1605,1605,0.0,1.0,1.0,1.0,1.0,0.09090909090909091,0.09090909090909091,2.0,11.0
r3-confirm-r1606,1606,0.0,1.0,1.0,0.0,1.0,0.0,0.13636363636363635,3.0,12.0
r3-confirm-r1607,1607,0.0,0.5,0.5,0.5,0.5,0.041666666666666664,0.045454545454545456,3.0,10.5
r3-confirm-r1608,1608,0.0,1.0,1.0,0.0,1.0,0.0,0.13636363636363635,3.0,12.0
r3-confirm-r1609,1609,0.0,0.5,0.5,0.0,0.5,0.0,0.045454545454545456,2.0,9.5
r3-confirm-r1610,1610,0.0,1.0,1.0,0.5,1.0,0.08333333333333333,0.13636363636363635,1.0,12.0
r3-confirm-r1611,1611,0.0,0.5,0.5,1.0,0.5,0.09090909090909091,0.09090909090909091,2.0,14.0
r3-confirm-r1612,1612,0.0,1.0,1.0,0.0,1.0,0.0,0.13636363636363635,2.0,13.0
r3-confirm-r1613,1613,0.5,1.0,0.5,0.5,1.0,0.045454545454545456,0.09090909090909091,3.5,11.5
r3-confirm-r1614,1614,0.0,0.0,0.0,0.0,0.5,0.0,0.045454545454545456,2.5,11.0
r3-confirm-r1615,1615,0.0,0.5,0.5,0.5,0.5,0.045454545454545456,0.045454545454545456,2.0,10.0
r3-confirm-r1616,1616,0.0,0.5,0.5,0.5,0.5,0.041666666666666664,0.045454545454545456,0.5,12.5
r3-confirm-r1617,1617,0.0,0.0,0.0,1.0,0.0,0.08333333333333333,0.0,2.5,9.0
r3-confirm-r1618,1618,0.0,0.5,0.5,0.0,0.5,0.0,0.045454545454545456,2.0,14.0
r3-confirm-r1619,1619,0.0,0.5,0.5,0.5,0.5,0.041666666666666664,0.08333333333333333,2.5,10.0
r3-confirm-r1620,1620,0.0,0.5,0.5,0.0,0.5,0.0,0.045454545454545456,2.0,11.0
r3-confirm-r1621,1621,0.0,1.0,1.0,0.5,1.0,0.045454545454545456,0.1,2.0,13.0
r3-confirm-r1622,1622,0.0,1.0,1.0,0.5,1.0,0.08333333333333333,0.09090909090909091,1.5,10.0
r3-confirm-r1623,1623,0.0,0.0,0.0,0.5,0.5,0.05,0.05,4.0,11.5
r3-confirm-r1624,1624,0.0,1.0,1.0,0.5,1.0,0.045454545454545456,0.09090909090909091,1.5,13.0
r3-confirm-r1625,1625,0.0,0.5,0.5,1.0,0.5,0.09090909090909091,0.045454545454545456,4.5,12.0
r3-confirm-r1626,1626,0.0,1.0,1.0,0.5,1.0,0.045454545454545456,0.14090909090909093,3.0,12.0
r3-confirm-r1627,1627,0.0,0.5,0.5,0.5,1.0,0.05,0.1,4.5,13.0
r3-confirm-r1628,1628,0.0,0.5,0.5,0.0,1.0,0.0,0.09090909090909091,3.0,11.0
r3-confirm-r1629,1629,0.0,0.5,0.5,0.5,0.5,0.045454545454545456,0.045454545454545456,4.0,10.0
r3-confirm-r1630,1630,0.0,1.0,1.0,0.5,1.0,0.045454545454545456,0.09545454545454546,3.0,12.0
r3-confirm-r1631,1631,0.0,1.0,1.0,0.0,1.0,0.0,0.09090909090909091,2.5,12.0
r3-confirm-r1632,1632,0.0,0.0,0.0,0.5,0.0,0.045454545454545456,0.0,3.5,8.5
r3-confirm-r1633,1633,0.0,1.0,1.0,0.5,1.0,0.045454545454545456,0.09090909090909091,3.0,13.0
r3-confirm-r1634,1634,0.0,0.0,0.0,0.0,0.5,0.0,0.05555555555555555,4.0,16.0
r3-confirm-r1635,1635,0.0,0.5,0.5,0.0,0.5,0.0,0.08333333333333333,3.0,11.0
r3-confirm-r1636,1636,0.0,1.0,1.0,0.0,1.0,0.0,0.08333333333333333,2.0,11.0
r3-confirm-r1637,1637,0.0,1.0,1.0,0.0,1.0,0.0,0.15000000000000002,4.0,14.0
r3-confirm-r1638,1638,0.0,0.0,0.0,1.0,0.0,0.09090909090909091,0.0,2.5,14.0
r3-confirm-r1639,1639,0.0,1.0,1.0,0.0,1.0,0.0,0.09090909090909091,2.5,10.0
r3-confirm-r1640,1640,0.0,0.5,0.5,0.5,0.5,0.041666666666666664,0.045454545454545456,2.0,10.5
r3-confirm-r1641,1641,0.0,1.0,1.0,0.5,1.0,0.041666666666666664,0.16666666666666666,2.0,10.5
r3-confirm-r1642,1642,0.0,0.5,0.5,0.0,0.5,0.0,0.08333333333333333,2.0,10.5
r3-confirm-r1643,1643,0.0,0.0,0.0,1.0,0.0,0.08712121212121213,0.0,3.0,10.0
r3-confirm-r1644,1644,0.0,1.0,1.0,0.5,1.0,0.045454545454545456,0.13636363636363635,2.0,14.0
r3-confirm-r1645,1645,0.5,0.5,0.0,0.5,0.5,0.08333333333333333,0.045454545454545456,3.5,10.5
r3-confirm-r1646,1646,0.0,0.5,0.5,0.0,0.5,0.0,0.045454545454545456,2.0,14.0
r3-confirm-r1647,1647,0.0,1.0,1.0,0.0,1.0,0.0,0.13636363636363635,2.0,11.5
r3-confirm-r1648,1648,0.0,1.0,1.0,0.5,1.0,0.045454545454545456,0.13636363636363635,2.0,12.0
r3-confirm-r1649,1649,0.0,1.0,1.0,0.0,1.0,0.0,0.09090909090909091,2.5,10.0
r3-confirm-r1650,1650,0.0,0.0,0.0,0.5,0.5,0.045454545454545456,0.05,2.5,12.0
r3-confirm-r1651,1651,0.0,0.5,0.5,0.5,0.5,0.045454545454545456,0.045454545454545456,1.0,13.0
r3-confirm-r1652,1652,0.0,1.0,1.0,0.5,1.0,0.041666666666666664,0.09090909090909091,3.0,10.0
r3-confirm-r1653,1653,0.0,0.0,0.0,0.5,0.5,0.05,0.05,5.0,12.0
r3-confirm-r1654,1654,0.0,0.0,0.0,1.0,0.5,0.125,0.045454545454545456,1.5,10.0
r3-confirm-r1655,1655,0.0,1.0,1.0,0.5,1.0,0.045454545454545456,0.09090909090909091,4.5,11.0
r3-confirm-r1656,1656,0.0,0.5,0.5,0.0,0.5,0.0,0.045454545454545456,1.5,11.0
r3-confirm-r1657,1657,0.0,1.0,1.0,0.0,1.0,0.0,0.08712121212121213,2.0,11.0
r3-confirm-r1658,1658,0.0,0.5,0.5,0.5,0.5,0.045454545454545456,0.045454545454545456,2.0,12.0
r3-confirm-r1659,1659,0.0,1.0,1.0,0.0,1.0,0.0,0.12878787878787878,3.5,10.0
r3-confirm-r1660,1660,0.0,1.0,1.0,0.5,1.0,0.045454545454545456,0.09090909090909091,2.5,11.0
r3-confirm-r1661,1661,0.0,1.0,1.0,0.0,1.0,0.0,0.09090909090909091,3.5,10.0
r3-confirm-r1662,1662,0.0,1.0,1.0,0.5,1.0,0.09090909090909091,0.09090909090909091,1.5,12.0
r3-confirm-r1663,1663,0.0,1.0,1.0,0.5,1.0,0.09090909090909091,0.15000000000000002,2.0,16.0
r3-confirm-r1664,1664,0.0,0.5,0.5,0.5,0.5,0.045454545454545456,0.045454545454545456,3.0,11.0
r3-confirm-r1665,1665,0.0,1.0,1.0,0.5,1.0,0.045454545454545456,0.13636363636363635,2.0,13.0
r3-confirm-r1666,1666,0.0,0.0,0.0,0.5,0.5,0.041666666666666664,0.045454545454545456,3.5,8.5
r3-confirm-r1667,1667,0.0,0.5,0.5,0.0,0.5,0.0,0.08333333333333333,2.0,10.0
r3-confirm-r1668,1668,0.0,1.0,1.0,0.0,1.0,0.0,0.12878787878787878,2.0,10.0
r3-confirm-r1669,1669,0.0,1.0,1.0,0.5,1.0,0.041666666666666664,0.09090909090909091,3.5,10.0
r3-confirm-r1670,1670,0.5,0.5,0.0,1.0,0.5,0.08333333333333333,0.08333333333333333,3.0,9.0
r3-confirm-r1671,1671,0.0,1.0,1.0,0.0,1.0,0.0,0.08712121212121213,5.0,11.5
r3-confirm-r1672,1672,0.0,0.5,0.5,1.0,0.5,0.13636363636363635,0.05,1.5,14.0
r3-confirm-r1673,1673,0.0,1.0,1.0,1.0,1.0,0.125,0.09090909090909091,1.0,13.0
r3-confirm-r1674,1674,0.0,1.0,1.0,0.5,1.0,0.045454545454545456,0.09545454545454546,2.0,12.0
r3-confirm-r1675,1675,0.0,0.5,0.5,0.0,0.5,0.0,0.09090909090909091,1.5,12.0
r3-confirm-r1676,1676,0.0,0.5,0.5,1.0,0.5,0.08712121212121213,0.045454545454545456,3.5,11.0
r3-confirm-r1677,1677,0.0,1.0,1.0,0.5,1.0,0.045454545454545456,0.12878787878787878,3.0,11.0
r3-confirm-r1678,1678,0.0,1.0,1.0,0.5,1.0,0.045454545454545456,0.13636363636363635,3.0,13.0
r3-confirm-r1679,1679,0.0,1.0,1.0,0.0,1.0,0.0,0.09090909090909091,1.5,12.0
r3-confirm-r1680,1680,0.0,1.0,1.0,1.0,1.0,0.09090909090909091,0.09090909090909091,3.0,13.0
r3-confirm-r1681,1681,0.0,0.5,0.5,0.0,0.5,0.0,0.045454545454545456,3.5,9.0
r3-confirm-r1682,1682,0.0,1.0,1.0,0.5,1.0,0.045454545454545456,0.13636363636363635,3.0,14.0
r3-confirm-r1683,1683,0.0,1.0,1.0,0.0,1.0,0.0,0.09545454545454546,2.0,13.0
r3-confirm-r1684,1684,0.0,1.0,1.0,0.5,1.0,0.045454545454545456,0.09090909090909091,2.0,13.0
r3-confirm-r1685,1685,0.0,0.5,0.5,0.0,0.5,0.0,0.045454545454545456,2.0,12.5
r3-confirm-r1686,1686,0.0,0.0,0.0,0.5,0.0,0.041666666666666664,0.0,3.5,10.0
r3-confirm-r1687,1687,0.0,0.5,0.5,0.5,0.5,0.045454545454545456,0.09090909090909091,4.0,10.0
r3-confirm-r1688,1688,0.0,1.0,1.0,1.0,1.0,0.125,0.12878787878787878,2.0,10.0
r3-confirm-r1689,1689,0.0,0.5,0.5,0.5,1.0,0.045454545454545456,0.09090909090909091,2.5,11.5
r3-confirm-r1690,1690,0.0,1.0,1.0,0.0,1.0,0.0,0.08333333333333333,3.0,10.0
r3-confirm-r1691,1691,0.0,0.5,0.5,0.5,0.5,0.041666666666666664,0.045454545454545456,0.5,13.0
r3-confirm-r1692,1692,0.0,1.0,1.0,1.0,1.0,0.09090909090909091,0.09545454545454546,2.5,14.0
r3-confirm-r1693,1693,0.0,0.5,0.5,1.0,1.0,0.08712121212121213,0.09090909090909091,2.5,11.0
r3-confirm-r1694,1694,0.0,1.0,1.0,0.0,1.0,0.0,0.13636363636363635,2.5,13.0
r3-confirm-r1695,1695,0.0,0.5,0.5,0.0,0.5,0.0,0.08333333333333333,2.0,10.5
r3-confirm-r1696,1696,0.0,0.5,0.5,0.5,0.5,0.045454545454545456,0.045454545454545456,3.0,11.0
r3-confirm-r1697,1697,0.0,1.0,1.0,0.5,1.0,0.045454545454545456,0.09090909090909091,3.0,12.0
r3-confirm-r1698,1698,0.0,1.0,1.0,0.5,1.0,0.045454545454545456,0.09090909090909091,3.0,11.0
r3-confirm-r1699,1699,0.0,1.0,1.0,0.0,1.0,0.0,0.09090909090909091,2.5,11.0
r3-confirm-r1700,1700,0.0,0.0,0.0,0.5,0.0,0.045454545454545456,0.0,2.5,11.0
r3-confirm-r1701,1701,0.0,0.5,0.5,0.0,0.5,0.0,0.045454545454545456,2.5,10.5
r3-confirm-r1702,1702,0.0,1.0,1.0,0.0,1.0,0.0,0.13636363636363635,2.5,14.0
r3-confirm-r1703,1703,0.0,1.0,1.0,0.5,1.0,0.045454545454545456,0.09090909090909091,2.0,12.0
r3-confirm-r1704,1704,0.0,1.0,1.0,0.5,1.0,0.041666666666666664,0.09090909090909091,2.5,10.0
r3-confirm-r1705,1705,0.0,0.5,0.5,0.0,0.5,0.0,0.05,3.0,14.0
r3-confirm-r1706,1706,0.0,1.0,1.0,0.5,1.0,0.045454545454545456,0.13636363636363635,2.0,14.0
r3-confirm-r1707,1707,0.0,1.0,1.0,0.0,1.0,0.0,0.13636363636363635,3.0,10.0
r3-confirm-r1708,1708,0.0,1.0,1.0,1.0,1.0,0.09090909090909091,0.09090909090909091,2.5,12.0
r3-confirm-r1709,1709,0.0,1.0,1.0,0.5,1.0,0.041666666666666664,0.12878787878787878,2.5,11.0
r3-confirm-r1710,1710,0.0,0.0,0.0,0.0,0.5,0.0,0.045454545454545456,2.0,10.0
r3-confirm-r1711,1711,0.0,0.0,0.0,0.5,0.0,0.045454545454545456,0.0,3.0,11.0
r3-confirm-r1712,1712,0.0,1.0,1.0,0.0,1.0,0.0,0.08712121212121213,4.0,9.5
r3-confirm-r1713,1713,0.5,1.0,0.5,1.0,1.0,0.09090909090909091,0.09090909090909091,4.0,11.0
r3-confirm-r1714,1714,0.0,1.0,1.0,0.0,1.0,0.0,0.09090909090909091,3.0,11.0
r3-confirm-r1715,1715,0.0,1.0,1.0,1.0,1.0,0.09090909090909091,0.13636363636363635,3.5,13.0
r3-confirm-r1716,1716,0.0,1.0,1.0,0.5,1.0,0.045454545454545456,0.12878787878787878,3.0,12.0
r3-confirm-r1717,1717,0.0,1.0,1.0,0.5,1.0,0.045454545454545456,0.09545454545454546,2.5,13.0
r3-confirm-r1718,1718,0.0,1.0,1.0,0.0,1.0,0.0,0.125,2.5,11.0
r3-confirm-r1719,1719,0.0,0.5,0.5,1.0,0.5,0.08712121212121213,0.045454545454545456,2.5,11.0
r3-confirm-r1720,1720,0.0,1.0,1.0,0.0,1.0,0.0,0.1,3.0,14.0
r3-confirm-r1721,1721,0.0,0.5,0.5,0.0,0.5,0.0,0.045454545454545456,4.5,10.0
r3-confirm-r1722,1722,0.0,1.0,1.0,0.0,1.0,0.0,0.09090909090909091,2.5,12.0
r3-confirm-r1723,1723,0.0,0.0,0.0,1.0,0.5,0.09090909090909091,0.045454545454545456,3.0,11.0
r3-confirm-r1724,1724,0.0,0.5,0.5,0.5,0.5,0.045454545454545456,0.045454545454545456,3.0,14.0
r3-confirm-r1725,1725,0.0,1.0,1.0,0.0,1.0,0.0,0.14090909090909093,1.5,12.0
r3-confirm-r1726,1726,0.0,0.5,0.5,0.0,0.5,0.0,0.09090909090909091,3.5,12.0
r3-confirm-r1727,1727,0.0,0.0,0.0,0.5,0.0,0.041666666666666664,0.0,3.0,9.5
r3-confirm-r1728,1728,0.0,0.5,0.5,0.0,0.5,0.0,0.045454545454545456,2.5,13.0
r3-confirm-r1729,1729,0.0,1.0,1.0,0.5,1.0,0.041666666666666664,0.09090909090909091,1.5,11.0
r3-confirm-r1730,1730,0.0,0.0,0.0,0.0,0.5,0.0,0.045454545454545456,3.0,9.0
r3-confirm-r1731,1731,0.0,1.0,1.0,0.0,1.0,0.0,0.09545454545454546,1.5,12.0
r3-confirm-r1732,1732,0.0,1.0,1.0,0.5,1.0,0.045454545454545456,0.09545454545454546,0.5,12.5
r3-confirm-r1733,1733,0.0,1.0,1.0,0.5,1.0,0.041666666666666664,0.09090909090909091,1.5,13.0
r3-confirm-r1734,1734,0.0,1.0,1.0,0.0,1.0,0.0,0.08712121212121213,1.5,11.0
r3-confirm-r1735,1735,0.0,0.0,0.0,0.0,0.5,0.0,0.05,4.5,12.0
r3-confirm-r1736,1736,0.0,1.0,1.0,0.5,1.0,0.05,0.1,2.5,15.0
r3-confirm-r1737,1737,0.0,0.0,0.0,0.0,0.5,0.0,0.05,5.0,12.0
r3-confirm-r1738,1738,0.0,0.0,0.0,0.0,0.0,0.0,0.0,2.0,13.0
r3-confirm-r1739,1739,0.0,0.5,0.5,1.0,0.5,0.09090909090909091,0.045454545454545456,4.0,10.0
r3-confirm-r1740,1740,0.0,0.5,0.5,0.5,0.5,0.045454545454545456,0.045454545454545456,3.5,11.0
r3-confirm-r1741,1741,0.0,1.0,1.0,0.5,1.0,0.045454545454545456,0.09090909090909091,3.0,11.0
r3-confirm-r1742,1742,0.0,1.0,1.0,0.0,1.0,0.0,0.18636363636363634,1.5,15.0
r3-confirm-r1743,1743,0.0,0.5,0.5,1.0,0.5,0.08712121212121213,0.08333333333333333,1.5,12.0
r3-confirm-r1744,1744,0.0,1.0,1.0,0.5,1.0,0.045454545454545456,0.14090909090909093,1.0,15.0
r3-confirm-r1745,1745,0.0,1.0,1.0,0.0,1.0,0.0,0.13636363636363635,3.0,11.0
r3-confirm-r1746,1746,0.0,1.0,1.0,0.0,1.0,0.0,0.09090909090909091,2.0,11.5
r3-confirm-r1747,1747,0.0,1.0,1.0,0.0,1.0,0.0,0.09090909090909091,1.0,14.0
r3-confirm-r1748,1748,0.0,1.0,1.0,0.0,1.0,0.0,0.17424242424242425,2.0,11.0
r3-confirm-r1749,1749,0.0,0.0,0.0,0.5,0.0,0.041666666666666664,0.0,1.0,10.0
r3-confirm-r1750,1750,0.0,0.5,0.5,0.0,0.5,0.0,0.045454545454545456,3.5,13.0
r3-confirm-r1751,1751,1.0,1.0,0.0,1.0,1.0,0.09090909090909091,0.09090909090909091,5.0,11.0
r3-confirm-r1752,1752,0.0,1.0,1.0,0.0,1.0,0.0,0.08712121212121213,3.0,11.0
r3-confirm-r1753,1753,0.0,1.0,1.0,0.0,1.0,0.0,0.08712121212121213,3.0,12.0
r3-confirm-r1754,1754,0.0,1.0,1.0,0.5,1.0,0.045454545454545456,0.09090909090909091,2.0,13.0
r3-confirm-r1755,1755,0.0,1.0,1.0,0.0,1.0,0.0,0.09090909090909091,3.0,11.5
r3-confirm-r1756,1756,0.0,1.0,1.0,0.0,1.0,0.0,0.09090909090909091,1.0,11.0
r3-confirm-r1757,1757,0.0,0.5,0.5,0.5,0.5,0.041666666666666664,0.041666666666666664,3.0,9.0
r3-confirm-r1758,1758,0.0,0.5,0.5,0.5,0.5,0.041666666666666664,0.045454545454545456,2.0,9.0
r3-confirm-r1759,1759,0.0,0.5,0.5,0.5,0.5,0.045454545454545456,0.045454545454545456,1.5,13.0
r3-confirm-r1760,1760,0.0,1.0,1.0,0.0,1.0,0.0,0.09545454545454546,3.5,12.0
r3-confirm-r1761,1761,0.0,1.0,1.0,0.0,1.0,0.0,0.08712121212121213,3.0,10.0
r3-confirm-r1762,1762,0.0,0.5,0.5,1.0,0.5,0.09090909090909091,0.045454545454545456,2.0,13.0
r3-confirm-r1763,1763,0.0,0.5,0.5,0.0,1.0,0.0,0.09545454545454546,1.0,12.5
r3-confirm-r1764,1764,0.0,1.0,1.0,0.5,1.0,0.045454545454545456,0.08712121212121213,3.5,12.0
r3-confirm-r1765,1765,0.0,1.0,1.0,0.5,1.0,0.045454545454545456,0.12878787878787878,3.0,11.0
r3-confirm-r1766,1766,0.0,0.5,0.5,0.0,0.5,0.0,0.045454545454545456,1.5,13.0
r3-confirm-r1767,1767,0.0,1.0,1.0,0.5,1.0,0.05,0.10555555555555556,1.0,17.0
r3-confirm-r1768,1768,0.0,1.0,1.0,0.5,1.0,0.041666666666666664,0.09090909090909091,2.0,13.0
r3-confirm-r1769,1769,0.0,1.0,1.0,0.0,1.0,0.0,0.09090909090909091,1.5,12.0
r3-confirm-r1770,1770,0.0,1.0,1.0,0.0,1.0,0.0,0.1,4.5,14.0
r3-confirm-r1771,1771,0.0,0.0,0.0,0.5,0.0,0.041666666666666664,0.0,3.5,9.0
r3-confirm-r1772,1772,0.0,0.5,0.5,0.5,0.5,0.045454545454545456,0.05,2.0,13.0
r3-confirm-r1773,1773,0.0,1.0,1.0,0.5,1.0,0.041666666666666664,0.13636363636363635,1.5,11.0
r3-confirm-r1774,1774,0.0,0.5,0.5,0.0,0.5,0.0,0.05,2.0,15.0
r3-confirm-r1775,1775,0.0,1.0,1.0,0.0,1.0,0.0,0.13636363636363635,2.0,12.0
r3-confirm-r1776,1776,0.0,1.0,1.0,0.5,1.0,0.045454545454545456,0.09545454545454546,3.5,13.0
r3-confirm-r1777,1777,0.0,1.0,1.0,0.5,1.0,0.041666666666666664,0.09090909090909091,3.5,9.0
r3-confirm-r1778,1778,0.0,0.5,0.5,1.0,1.0,0.09545454545454546,0.09545454545454546,4.0,13.0
r3-confirm-r1779,1779,0.0,0.0,0.0,1.0,0.5,0.09090909090909091,0.045454545454545456,3.5,11.0
r3-confirm-r1780,1780,0.0,1.0,1.0,0.0,1.0,0.0,0.09090909090909091,4.0,11.0
r3-confirm-r1781,1781,0.0,1.0,1.0,0.5,1.0,0.08333333333333333,0.09545454545454546,1.5,13.0
r3-confirm-r1782,1782,0.0,0.5,0.5,0.5,0.5,0.045454545454545456,0.045454545454545456,3.5,10.0
r3-confirm-r1783,1783,0.0,1.0,1.0,0.0,1.0,0.0,0.09090909090909091,4.0,11.5
r3-confirm-r1784,1784,0.0,1.0,1.0,0.0,1.0,0.0,0.13636363636363635,2.5,14.0
r3-confirm-r1785,1785,0.0,0.5,0.5,0.5,1.0,0.045454545454545456,0.09090909090909091,1.0,12.0
r3-confirm-r1786,1786,0.0,1.0,1.0,0.5,1.0,0.041666666666666664,0.09090909090909091,3.5,9.0
r3-confirm-r1787,1787,0.0,1.0,1.0,0.5,1.0,0.045454545454545456,0.09090909090909091,2.0,13.0
r3-confirm-r1788,1788,0.0,1.0,1.0,0.5,1.0,0.045454545454545456,0.13636363636363635,1.5,14.0
r3-confirm-r1789,1789,0.0,1.0,1.0,0.5,1.0,0.045454545454545456,0.13636363636363635,2.5,13.0
r3-confirm-r1790,1790,0.0,0.5,0.5,0.0,0.5,0.0,0.045454545454545456,3.0,11.5
r3-confirm-r1791,1791,0.0,0.5,0.5,0.5,0.5,0.041666666666666664,0.045454545454545456,2.5,10.0
r3-confirm-r1792,1792,0.0,0.0,0.0,0.0,0.0,0.0,0.0,3.0,10.0
r3-confirm-r1793,1793,0.0,1.0,1.0,0.0,1.0,0.0,0.09090909090909091,2.0,10.0
r3-confirm-r1794,1794,0.0,1.0,1.0,0.5,1.0,0.041666666666666664,0.16666666666666666,1.0,13.0
r3-confirm-r1795,1795,0.0,0.5,0.5,0.0,0.5,0.0,0.045454545454545456,5.0,9.0
r3-confirm-r1796,1796,0.0,0.5,0.5,0.5,0.5,0.045454545454545456,0.045454545454545456,3.0,12.0
r3-confirm-r1797,1797,0.0,1.0,1.0,0.5,1.0,0.05,0.18181818181818182,2.5,13.0
r3-confirm-r1798,1798,0.0,1.0,1.0,0.5,1.0,0.045454545454545456,0.09090909090909091,2.5,12.0
r3-confirm-r1799,1799,0.0,0.5,0.5,0.5,0.5,0.045454545454545456,0.045454545454545456,3.0,11.0
r3-confirm-r1800,1800,0.0,0.5,0.5,0.0,0.5,0.0,0.045454545454545456,1.0,12.0
r3-confirm-r1801,1801,0.0,1.0,1.0,1.0,1.0,0.08333333333333333,0.09090909090909091,3.0,10.0
r3-confirm-r1802,1802,0.0,0.0,0.0,0.0,0.0,0.0,0.0,1.0,13.0
r3-confirm-r1803,1803,0.0,0.5,0.5,0.0,0.5,0.0,0.045454545454545456,3.0,11.0
r3-confirm-r1804,1804,0.0,0.5,0.5,1.0,0.5,0.09090909090909091,0.045454545454545456,2.5,13.5
r3-confirm-r1805,1805,0.0,0.0,0.0,0.5,0.0,0.045454545454545456,0.0,4.0,9.5
r3-confirm-r1806,1806,0.0,0.5,0.5,0.0,0.5,0.0,0.045454545454545456,2.0,12.0
r3-confirm-r1807,1807,0.0,0.5,0.5,0.0,0.5,0.0,0.09090909090909091,0.5,13.0
r3-confirm-r1808,1808,0.0,1.0,1.0,1.0,1.0,0.09090909090909091,0.13636363636363635,4.0,10.5
r3-confirm-r1809,1809,0.0,1.0,1.0,0.5,1.0,0.045454545454545456,0.09090909090909091,1.5,11.5
r3-confirm-r1810,1810,0.0,0.5,0.5,0.5,0.5,0.045454545454545456,0.05,2.0,14.0
r3-confirm-r1811,1811,0.0,0.5,0.5,0.0,0.5,0.0,0.045454545454545456,2.5,14.0
r3-confirm-r1812,1812,0.0,1.0,1.0,0.0,1.0,0.0,0.09090909090909091,1.0,13.0
r3-confirm-r1813,1813,0.0,0.5,0.5,0.5,0.5,0.045454545454545456,0.045454545454545456,1.5,13.0
r3-confirm-r1814,1814,0.0,1.0,1.0,0.0,1.0,0.0,0.09090909090909091,2.0,11.0
r3-confirm-r1815,1815,0.0,1.0,1.0,0.5,1.0,0.045454545454545456,0.13636363636363635,3.0,13.0
r3-confirm-r1816,1816,0.0,0.5,0.5,0.5,1.0,0.045454545454545456,0.09090909090909091,3.0,10.0
r3-confirm-r1817,1817,0.0,0.0,0.0,0.0,0.0,0.0,0.0,2.0,9.0
r3-confirm-r1818,1818,0.0,1.0,1.0,0.0,1.0,0.0,0.09090909090909091,1.5,13.0
r3-confirm-r1819,1819,0.0,1.0,1.0,0.5,1.0,0.045454545454545456,0.13636363636363635,2.0,12.0
r3-confirm-r1820,1820,0.0,0.5,0.5,0.0,0.5,0.0,0.125,2.5,10.0
r3-confirm-r1821,1821,0.0,1.0,1.0,0.0,1.0,0.0,0.12878787878787878,2.0,10.0
r3-confirm-r1822,1822,0.0,0.5,0.5,0.5,0.5,0.045454545454545456,0.045454545454545456,3.0,11.0
r3-confirm-r1823,1823,0.0,1.0,1.0,0.5,1.0,0.045454545454545456,0.09090909090909091,1.5,13.0
r3-confirm-r1824,1824,0.0,0.5,0.5,1.0,0.5,0.08333333333333333,0.045454545454545456,3.0,9.0
r3-confirm-r1825,1825,0.0,0.5,0.5,0.5,0.5,0.08333333333333333,0.045454545454545456,1.5,11.0
r3-confirm-r1826,1826,0.0,0.5,0.5,0.0,1.0,0.0,0.12878787878787878,4.0,10.0
r3-confirm-r1827,1827,0.0,0.5,0.5,0.5,0.5,0.041666666666666664,0.08333333333333333,1.5,11.0
r3-confirm-r1828,1828,0.0,0.5,0.5,1.0,0.5,0.08333333333333333,0.045454545454545456,2.5,9.5
r3-confirm-r1829,1829,0.0,0.0,0.0,0.5,0.0,0.045454545454545456,0.0,1.5,15.5
r3-confirm-r1830,1830,0.0,0.0,0.0,0.0,0.5,0.0,0.05,2.0,13.0
r3-confirm-r1831,1831,0.0,0.5,0.5,0.5,1.0,0.041666666666666664,0.08712121212121213,2.0,11.0
r3-confirm-r1832,1832,0.0,0.5,0.5,0.5,1.0,0.045454545454545456,0.09545454545454546,2.5,12.5
r3-confirm-r1833,1833,0.0,1.0,1.0,0.5,1.0,0.045454545454545456,0.09545454545454546,2.5,12.0
r3-confirm-r1834,1834,0.0,0.5,0.5,0.0,0.5,0.0,0.09090909090909091,2.5,9.0
r3-confirm-r1835,1835,0.0,1.0,1.0,0.0,1.0,0.0,0.09090909090909091,2.5,10.0
r3-confirm-r1836,1836,0.0,0.0,0.0,0.5,0.5,0.05,0.05,4.0,12.5
r3-confirm-r1837,1837,0.0,0.5,0.5,0.0,0.5,0.0,0.045454545454545456,4.0,11.0
r3-confirm-r1838,1838,0.0,0.5,0.5,0.0,0.5,0.0,0.045454545454545456,2.0,11.0
r3-confirm-r1839,1839,0.0,0.5,0.5,1.0,1.0,0.09090909090909091,0.12878787878787878,2.5,9.0
r3-confirm-r1840,1840,0.0,1.0,1.0,0.5,1.0,0.045454545454545456,0.18181818181818182,3.0,11.5
r3-confirm-r1841,1841,0.0,0.5,0.5,1.0,1.0,0.09090909090909091,0.09090909090909091,4.0,10.0
r3-confirm-r1842,1842,0.0,0.5,0.5,0.5,0.5,0.08333333333333333,0.05,1.0,11.0
r3-confirm-r1843,1843,0.0,0.5,0.5,0.0,0.5,0.0,0.045454545454545456,3.0,11.0
r3-confirm-r1844,1844,0.0,0.5,0.5,0.5,0.5,0.041666666666666664,0.045454545454545456,3.0,9.0
r3-confirm-r1845,1845,0.0,1.0,1.0,0.0,1.0,0.0,0.13636363636363635,2.0,11.0
r3-confirm-r1846,1846,0.0,1.0,1.0,0.0,1.0,0.0,0.12878787878787878,1.5,11.0
r3-confirm-r1847,1847,0.0,1.0,1.0,0.5,1.0,0.045454545454545456,0.13636363636363635,3.0,11.0
r3-confirm-r1848,1848,0.0,0.5,0.5,0.0,0.5,0.0,0.045454545454545456,3.0,10.5
r3-confirm-r1849,1849,0.0,0.5,0.5,1.0,1.0,0.08712121212121213,0.09090909090909091,3.0,11.0
r3-confirm-r1850,1850,0.0,0.5,0.5,0.0,0.5,0.0,0.045454545454545456,2.0,13.0
r3-confirm-r1851,1851,0.0,1.0,1.0,0.5,1.0,0.08333333333333333,0.09090909090909091,1.0,12.0
r3-confirm-r1852,1852,0.0,0.5,0.5,0.5,1.0,0.045454545454545456,0.09545454545454546,2.5,12.0
r3-confirm-r1853,1853,0.0,1.0,1.0,0.0,1.0,0.0,0.09090909090909091,3.0,11.0
r3-confirm-r1854,1854,0.0,1.0,1.0,1.0,1.0,0.08712121212121213,0.09090909090909091,1.5,12.0
r3-confirm-r1855,1855,0.0,0.5,0.5,0.5,0.5,0.045454545454545456,0.045454545454545456,2.0,13.0
r3-confirm-r1856,1856,0.0,1.0,1.0,0.0,1.0,0.0,0.09090909090909091,3.0,11.0
r3-confirm-r1857,1857,0.0,0.5,0.5,0.0,0.5,0.0,0.08333333333333333,2.5,11.0
r3-confirm-r1858,1858,0.0,0.5,0.5,0.5,1.0,0.045454545454545456,0.1,2.0,13.0
r3-confirm-r1859,1859,0.5,0.5,0.0,0.5,0.5,0.045454545454545456,0.09090909090909091,3.0,12.5
r3-confirm-r1860,1860,0.0,0.0,0.0,0.5,1.0,0.045454545454545456,0.09090909090909091,4.5,10.0
r3-confirm-r1861,1861,0.0,0.5,0.5,0.5,0.5,0.045454545454545456,0.05,1.0,14.0
r3-confirm-r1862,1862,0.0,1.0,1.0,0.0,1.0,0.0,0.09545454545454546,2.0,13.0
r3-confirm-r1863,1863,0.0,0.5,0.5,0.5,1.0,0.041666666666666664,0.09090909090909091,2.5,11.0
r3-confirm-r1864,1864,0.0,1.0,1.0,0.0,1.0,0.0,0.16666666666666666,2.5,12.0
r3-confirm-r1865,1865,0.5,0.5,0.0,0.5,0.5,0.045454545454545456,0.045454545454545456,3.0,12.0
r3-confirm-r1866,1866,0.0,0.5,0.5,0.5,0.5,0.041666666666666664,0.045454545454545456,1.5,12.0
r3-confirm-r1867,1867,0.0,1.0,1.0,0.0,1.0,0.0,0.13636363636363635,2.0,12.0
r3-confirm-r1868,1868,0.0,1.0,1.0,0.0,1.0,0.0,0.13257575757575757,1.5,12.0
r3-confirm-r1869,1869,0.0,1.0,1.0,0.0,1.0,0.0,0.13636363636363635,1.5,14.0
r3-confirm-r1870,1870,0.0,1.0,1.0,0.0,1.0,0.0,0.09090909090909091,2.0,11.5
r3-confirm-r1871,1871,0.0,0.5,0.5,1.0,0.5,0.09090909090909091,0.09090909090909091,3.0,12.0
r3-confirm-r1872,1872,0.0,0.5,0.5,0.5,0.5,0.045454545454545456,0.05,1.5,13.0
r3-confirm-r1873,1873,0.0,1.0,1.0,1.0,1.0,0.09090909090909091,0.09090909090909091,2.0,13.0
r3-confirm-r1874,1874,0.0,0.5,0.5,0.5,0.5,0.045454545454545456,0.05,2.0,12.0
r3-confirm-r1875,1875,0.0,1.0,1.0,0.0,1.0,0.0,0.09090909090909091,2.5,10.0
r3-confirm-r1876,1876,0.0,0.5,0.5,0.5,0.5,0.045454545454545456,0.045454545454545456,3.0,12.0
r3-confirm-r1877,1877,0.0,1.0,1.0,1.0,1.0,0.09090909090909091,0.09090909090909091,2.0,11.5
r3-confirm-r1878,1878,0.0,1.0,1.0,1.0,1.0,0.08333333333333333,0.09090909090909091,2.5,10.0
r3-confirm-r1879,1879,0.0,1.0,1.0,0.5,1.0,0.041666666666666664,0.13636363636363635,2.0,12.0
r3-confirm-r1880,1880,0.0,1.0,1.0,0.5,1.0,0.045454545454545456,0.09090909090909091,4.0,11.0
r3-confirm-r1881,1881,0.0,0.5,0.5,0.0,0.5,0.0,0.08333333333333333,3.0,11.0
r3-confirm-r1882,1882,0.0,0.5,0.5,0.0,1.0,0.0,0.13636363636363635,1.0,13.0
r3-confirm-r1883,1883,0.0,1.0,1.0,1.0,1.0,0.09090909090909091,0.13636363636363635,2.5,14.0
r3-confirm-r1884,1884,0.0,0.5,0.5,0.0,1.0,0.0,0.09545454545454546,2.5,13.0
r3-confirm-r1885,1885,0.0,1.0,1.0,0.0,1.0,0.0,0.09090909090909091,3.0,9.5
r3-confirm-r1886,1886,0.0,1.0,1.0,0.5,1.0,0.045454545454545456,0.13636363636363635,2.0,11.5
r3-confirm-r1887,1887,0.0,0.0,0.0,0.5,0.0,0.045454545454545456,0.0,1.5,13.0
r3-confirm-r1888,1888,0.0,1.0,1.0,0.5,1.0,0.045454545454545456,0.09090909090909091,4.0,10.0
r3-confirm-r1889,1889,0.0,0.5,0.5,0.0,0.5,0.0,0.045454545454545456,2.0,10.0
r3-confirm-r1890,1890,0.0,1.0,1.0,0.5,1.0,0.045454545454545456,0.13636363636363635,3.0,11.0
r3-confirm-r1891,1891,0.0,0.5,0.5,0.5,0.5,0.041666666666666664,0.045454545454545456,0.5,12.0
r3-confirm-r1892,1892,0.0,1.0,1.0,0.0,1.0,0.0,0.08712121212121213,3.5,9.5
r3-confirm-r1893,1893,0.0,0.5,0.5,0.0,0.5,0.0,0.045454545454545456,2.0,10.0
r3-confirm-r1894,1894,0.0,0.0,0.0,0.0,0.5,0.0,0.05,5.0,12.0
r3-confirm-r1895,1895,0.0,0.5,0.5,0.5,1.0,0.041666666666666664,0.09545454545454546,2.0,13.0
r3-confirm-r1896,1896,0.0,1.0,1.0,0.0,1.0,0.0,0.13636363636363635,1.5,11.5
r3-confirm-r1897,1897,0.0,1.0,1.0,0.0,1.0,0.0,0.14090909090909093,4.5,14.0
r3-confirm-r1898,1898,0.0,0.5,0.5,0.5,0.5,0.045454545454545456,0.08333333333333333,2.5,11.0
r3-confirm-r1899,1899,0.0,1.0,1.0,0.0,1.0,0.0,0.09090909090909091,3.0,13.0
r3-confirm-r1900,1900,0.0,0.5,0.5,0.0,1.0,0.0,0.09090909090909091,2.5,10.0
r3-confirm-r1901,1901,0.0,0.5,0.5,0.5,1.0,0.045454545454545456,0.09090909090909091,4.0,11.0
r3-confirm-r1902,1902,0.0,1.0,1.0,0.5,1.0,0.045454545454545456,0.09090909090909091,2.5,13.0
r3-confirm-r1903,1903,0.0,1.0,1.0,0.5,1.0,0.045454545454545456,0.13636363636363635,3.0,11.0
r3-confirm-r1904,1904,0.0,0.0,0.0,0.0,0.0,0.0,0.0,3.0,10.0
r3-confirm-r1905,1905,0.0,0.5,0.5,0.0,1.0,0.0,0.1,3.5,13.0
r3-confirm-r1906,1906,0.0,1.0,1.0,0.0,1.0,0.0,0.13636363636363635,3.5,12.0
r3-confirm-r1907,1907,0.0,1.0,1.0,0.0,1.0,0.0,0.09090909090909091,1.5,11.0
r3-confirm-r1908,1908,0.0,0.5,0.5,0.5,0.5,0.041666666666666664,0.045454545454545456,3.0,9.5
r3-confirm-r1909,1909,0.0,0.5,0.5,0.0,1.0,0.0,0.1,1.5,12.0
r3-confirm-r1910,1910,0.0,1.0,1.0,0.5,1.0,0.041666666666666664,0.09090909090909091,1.5,11.0
r3-confirm-r1911,1911,0.0,1.0,1.0,1.0,1.0,0.09090909090909091,0.14090909090909093,2.0,15.0
r3-confirm-r1912,1912,0.0,0.5,0.5,1.0,0.5,0.09545454545454546,0.045454545454545456,4.5,13.0
r3-confirm-r1913,1913,0.0,0.0,0.0,0.0,0.0,0.0,0.0,4.5,10.0
r3-confirm-r1914,1914,0.0,0.0,0.0,0.5,0.0,0.05,0.0,3.0,12.0
r3-confirm-r1915,1915,0.0,0.5,0.5,1.0,0.5,0.09090909090909091,0.045454545454545456,3.0,11.5
r3-confirm-r1916,1916,0.0,0.5,0.5,0.5,0.5,0.045454545454545456,0.045454545454545456,4.0,11.0
r3-confirm-r1917,1917,0.0,0.5,0.5,1.0,1.0,0.09090909090909091,0.1,2.0,12.0
r3-confirm-r1918,1918,0.0,1.0,1.0,0.5,1.0,0.045454545454545456,0.13636363636363635,2.5,12.0
r3-confirm-r1919,1919,0.0,0.5,0.5,0.5,1.0,0.041666666666666664,0.13636363636363635,2.0,11.0
r3-confirm-r1920,1920,0.0,1.0,1.0,0.0,1.0,0.0,0.13636363636363635,2.5,11.0
r3-confirm-r1921,1921,0.0,0.5,0.5,0.5,0.5,0.045454545454545456,0.045454545454545456,3.0,11.0
r3-confirm-r1922,1922,0.0,0.5,0.5,0.5,0.5,0.045454545454545456,0.045454545454545456,2.0,12.0
r3-confirm-r1923,1923,0.0,1.0,1.0,1.0,1.0,0.09090909090909091,0.08712121212121213,3.0,13.0
r3-confirm-r1924,1924,0.0,0.5,0.5,0.5,1.0,0.041666666666666664,0.09545454545454546,1.5,14.0
r3-confirm-r1925,1925,0.0,0.5,0.5,0.0,0.5,0.0,0.08333333333333333,3.0,11.0
r3-confirm-r1926,1926,0.0,0.5,0.5,0.5,0.5,0.045454545454545456,0.045454545454545456,3.5,11.0
r3-confirm-r1927,1927,0.0,0.0,0.0,0.0,0.0,0.0,0.0,2.5,10.0
r3-confirm-r1928,1928,0.0,0.5,0.5,0.5,1.0,0.041666666666666664,0.09090909090909091,2.0,11.0
r3-confirm-r1929,1929,0.0,1.0,1.0,0.0,1.0,0.0,0.15000000000000002,2.0,15.5
r3-confirm-r1930,1930,0.0,0.5,0.5,0.0,0.5,0.0,0.045454545454545456,3.0,12.0
r3-confirm-r1931,1931,0.0,0.5,0.5,0.5,0.5,0.045454545454545456,0.045454545454545456,1.5,14.0
r3-confirm-r1932,1932,0.0,1.0,1.0,0.5,1.0,0.08333333333333333,0.08712121212121213,2.5,11.0
r3-confirm-r1933,1933,0.0,1.0,1.0,0.0,1.0,0.0,0.09090909090909091,3.0,12.0
r3-confirm-r1934,1934,0.0,1.0,1.0,0.5,1.0,0.045454545454545456,0.09090909090909091,4.0,12.0
r3-confirm-r1935,1935,0.0,0.5,0.5,0.5,0.5,0.045454545454545456,0.09090909090909091,2.5,11.0
r3-confirm-r1936,1936,0.0,1.0,1.0,0.5,1.0,0.045454545454545456,0.13636363636363635,3.5,12.0
r3-confirm-r1937,1937,0.0,0.5,0.5,0.0,1.0,0.0,0.09090909090909091,4.0,9.0
r3-confirm-r1938,1938,0.0,0.5,0.5,0.5,0.5,0.041666666666666664,0.045454545454545456,2.0,10.0
r3-confirm-r1939,1939,0.0,0.5,0.5,0.0,1.0,0.0,0.12878787878787878,3.5,11.0
r3-confirm-r1940,1940,0.0,1.0,1.0,0.5,1.0,0.045454545454545456,0.1,1.5,15.0
r3-confirm-r1941,1941,0.0,1.0,1.0,0.5,1.0,0.05,0.10555555555555556,2.5,16.0
r3-confirm-r1942,1942,0.0,1.0,1.0,0.5,1.0,0.041666666666666664,0.14545454545454545,1.5,13.0
r3-confirm-r1943,1943,0.0,0.5,0.5,0.0,0.5,0.0,0.041666666666666664,2.0,12.5
r3-confirm-r1944,1944,0.0,0.5,0.5,0.5,0.5,0.08333333333333333,0.09090909090909091,2.0,10.0
r3-confirm-r1945,1945,0.0,0.5,0.5,0.0,0.5,0.0,0.045454545454545456,2.5,11.0
r3-confirm-r1946,1946,0.0,0.5,0.5,0.5,0.5,0.041666666666666664,0.045454545454545456,2.5,13.0
r3-confirm-r1947,1947,0.0,1.0,1.0,0.5,1.0,0.045454545454545456,0.09545454545454546,2.5,14.0
r3-confirm-r1948,1948,0.0,1.0,1.0,0.5,1.0,0.041666666666666664,0.09090909090909091,2.0,11.0
r3-confirm-r1949,1949,0.0,1.0,1.0,0.0,1.0,0.0,0.09545454545454546,3.5,11.0
r3-confirm-r1950,1950,0.0,1.0,1.0,0.5,1.0,0.045454545454545456,0.09090909090909091,3.0,11.0
r3-confirm-r1951,1951,0.0,1.0,1.0,0.5,1.0,0.041666666666666664,0.09090909090909091,2.5,13.0
r3-confirm-r1952,1952,0.0,1.0,1.0,0.0,1.0,0.0,0.08712121212121213,4.0,10.0
r3-confirm-r1953,1953,0.0,0.0,0.0,0.0,0.0,0.0,0.0,3.0,11.0
r3-confirm-r1954,1954,0.0,1.0,1.0,0.0,1.0,0.0,0.09090909090909091,2.5,10.0
r3-confirm-r1955,1955,0.0,1.0,1.0,0.0,1.0,0.0,0.09545454545454546,1.5,13.0
r3-confirm-r1956,1956,0.0,0.5,0.5,1.0,0.5,0.13636363636363635,0.045454545454545456,4.5,13.0
r3-confirm-r1957,1957,0.0,1.0,1.0,0.5,1.0,0.045454545454545456,0.09090909090909091,3.0,11.0
r3-confirm-r1958,1958,0.0,1.0,1.0,0.5,1.0,0.041666666666666664,0.09090909090909091,2.5,12.0
r3-confirm-r1959,1959,0.0,0.5,0.5,0.5,0.5,0.08333333333333333,0.045454545454545456,2.5,10.0
r3-confirm-r1960,1960,0.0,1.0,1.0,0.5,1.0,0.045454545454545456,0.09545454545454546,3.0,11.0
r3-confirm-r1961,1961,0.0,0.5,0.5,0.5,1.0,0.041666666666666664,0.09090909090909091,2.0,11.0
r3-confirm-r1962,1962,0.0,0.0,0.0,1.0,0.0,0.08712121212121213,0.0,3.0,10.0
r3-confirm-r1963,1963,0.0,0.5,0.5,0.5,0.5,0.05,0.05,3.5,15.0
r3-confirm-r1964,1964,0.0,0.5,0.5,0.5,0.5,0.041666666666666664,0.045454545454545456,1.0,9.0
r3-confirm-r1965,1965,0.0,1.0,1.0,0.0,1.0,0.0,0.13636363636363635,3.0,13.0
r3-confirm-r1966,1966,0.0,1.0,1.0,1.0,1.0,0.08712121212121213,0.12878787878787878,2.0,11.0
r3-confirm-r1967,1967,0.0,0.0,0.0,0.0,0.0,0.0,0.0,2.5,10.0
r3-confirm-r1968,1968,0.5,0.0,-0.5,0.5,0.5,0.08333333333333333,0.045454545454545456,3.0,10.5
r3-confirm-r1969,1969,0.0,0.0,0.0,0.0,0.5,0.0,0.05,4.5,12.0
r3-confirm-r1970,1970,0.0,0.5,0.5,0.5,0.5,0.08333333333333333,0.041666666666666664,3.5,9.5
r3-confirm-r1971,1971,0.0,0.5,0.5,0.0,0.5,0.0,0.05,4.0,13.0
r3-confirm-r1972,1972,0.0,0.5,0.5,0.0,0.5,0.0,0.045454545454545456,1.5,14.0
r3-confirm-r1973,1973,0.0,0.5,0.5,0.0,0.5,0.0,0.045454545454545456,3.0,11.0
r3-confirm-r1974,1974,0.0,1.0,1.0,0.5,1.0,0.045454545454545456,0.13636363636363635,2.5,13.0
r3-confirm-r1975,1975,0.0,0.5,0.5,0.0,0.5,0.0,0.045454545454545456,2.0,12.0
r3-confirm-r1976,1976,0.0,0.5,0.5,0.0,0.5,0.0,0.045454545454545456,2.5,10.0
r3-confirm-r1977,1977,0.0,0.5,0.5,0.5,0.5,0.045454545454545456,0.045454545454545456,3.0,9.0
r3-confirm-r1978,1978,0.0,0.5,0.5,1.0,1.0,0.09545454545454546,0.1,2.0,13.0
r3-confirm-r1979,1979,0.0,1.0,1.0,0.0,1.0,0.0,0.09090909090909091,3.5,10.0
r3-confirm-r1980,1980,0.0,1.0,1.0,1.0,1.0,0.08712121212121213,0.13636363636363635,2.0,13.0
r3-confirm-r1981,1981,0.0,1.0,1.0,0.5,1.0,0.041666666666666664,0.08712121212121213,3.0,11.0
r3-confirm-r1982,1982,0.0,0.0,0.0,0.5,0.5,0.045454545454545456,0.05,4.0,11.0
r3-confirm-r1983,1983,0.0,1.0,1.0,0.5,1.0,0.08333333333333333,0.09090909090909091,1.0,12.0
r3-confirm-r1984,1984,0.0,1.0,1.0,0.5,1.0,0.041666666666666664,0.09090909090909091,1.0,13.0
r3-confirm-r1985,1985,0.0,0.5,0.5,0.5,0.5,0.041666666666666664,0.045454545454545456,1.5,11.0
r3-confirm-r1986,1986,0.0,1.0,1.0,0.5,1.0,0.041666666666666664,0.09090909090909091,2.5,12.0
r3-confirm-r1987,1987,0.0,1.0,1.0,0.0,1.0,0.0,0.09090909090909091,3.0,11.0
r3-confirm-r1988,1988,0.0,1.0,1.0,0.0,1.0,0.0,0.09090909090909091,2.5,11.0
r3-confirm-r1989,1989,0.0,0.5,0.5,0.0,0.5,0.0,0.09090909090909091,2.5,13.0
r3-confirm-r1990,1990,0.0,0.5,0.5,0.0,0.5,0.0,0.045454545454545456,1.0,13.0
r3-confirm-r1991,1991,0.0,1.0,1.0,0.0,1.0,0.0,0.09090909090909091,3.0,11.0
r3-confirm-r1992,1992,0.0,1.0,1.0,0.5,1.0,0.045454545454545456,0.09090909090909091,0.5,13.0
r3-confirm-r1993,1993,0.5,1.0,0.5,0.5,1.0,0.041666666666666664,0.12878787878787878,3.0,11.0
r3-confirm-r1994,1994,0.0,0.5,0.5,0.5,0.5,0.045454545454545456,0.09090909090909091,3.0,12.0
r3-confirm-r1995,1995,0.0,0.5,0.5,0.5,0.5,0.041666666666666664,0.09090909090909091,2.0,9.0
r3-confirm-r1996,1996,0.0,1.0,1.0,0.0,1.0,0.0,0.09090909090909091,2.5,10.5
r3-confirm-r1997,1997,0.0,0.5,0.5,0.5,0.5,0.041666666666666664,0.08333333333333333,2.5,11.0
r3-confirm-r1998,1998,0.0,0.5,0.5,1.0,0.5,0.09090909090909091,0.045454545454545456,2.0,14.0
r3-confirm-r1999,1999,0.0,1.0,1.0,0.0,1.0,0.0,0.09090909090909091,1.0,10.0
r3-confirm-r2000,2000,0.0,1.0,1.0,0.0,1.0,0.0,0.08712121212121213,2.0,12.0
r3-confirm-r2001,2001,0.0,1.0,1.0,0.0,1.0,0.0,0.12878787878787878,2.0,12.5
r3-confirm-r2002,2002,0.0,0.5,0.5,0.5,0.5,0.045454545454545456,0.09090909090909091,3.0,11.0
r3-confirm-r2003,2003,0.0,1.0,1.0,1.0,1.0,0.13636363636363635,0.14545454545454545,2.0,13.5
r3-confirm-r2004,2004,0.0,0.5,0.5,0.0,0.5,0.0,0.041666666666666664,3.0,8.5
r3-confirm-r2005,2005,0.0,1.0,1.0,0.5,1.0,0.041666666666666664,0.09545454545454546,1.0,14.0
r3-confirm-r2006,2006,0.0,0.5,0.5,0.0,1.0,0.0,0.12878787878787878,3.0,10.0
r3-confirm-r2007,2007,0.0,0.5,0.5,0.5,0.5,0.045454545454545456,0.05,2.0,12.0
r3-confirm-r2008,2008,0.0,1.0,1.0,0.0,1.0,0.0,0.08712121212121213,2.5,12.0
r3-confirm-r2009,2009,0.0,1.0,1.0,0.5,1.0,0.045454545454545456,0.09090909090909091,3.0,13.0
r3-confirm-r2010,2010,0.0,0.5,0.5,0.0,1.0,0.0,0.09090909090909091,3.5,10.0
r3-confirm-r2011,2011,0.0,1.0,1.0,0.5,1.0,0.045454545454545456,0.09545454545454546,2.0,13.0
r3-confirm-r2012,2012,0.0,0.0,0.0,0.5,0.0,0.041666666666666664,0.0,2.5,10.0
r3-confirm-r2013,2013,0.0,0.0,0.0,0.0,0.0,0.0,0.0,4.0,9.0
r3-confirm-r2014,2014,0.0,1.0,1.0,0.0,1.0,0.0,0.09090909090909091,2.5,11.0
r3-confirm-r2015,2015,0.0,1.0,1.0,0.0,1.0,0.0,0.13636363636363635,5.0,12.0
r3-confirm-r2016,2016,0.5,0.5,0.0,1.0,0.5,0.09090909090909091,0.045454545454545456,5.0,10.0
r3-confirm-r2017,2017,0.0,1.0,1.0,0.0,1.0,0.0,0.09090909090909091,2.0,13.0
r3-confirm-r2018,2018,0.0,0.5,0.5,0.5,0.5,0.041666666666666664,0.045454545454545456,3.0,9.5
r3-confirm-r2019,2019,0.0,1.0,1.0,0.0,1.0,0.0,0.09090909090909091,4.0,10.0
r3-confirm-r2020,2020,0.0,0.0,0.0,0.5,0.5,0.041666666666666664,0.045454545454545456,2.5,9.0
r3-confirm-r2021,2021,0.0,1.0,1.0,0.0,1.0,0.0,0.09090909090909091,2.0,12.0
r3-confirm-r2022,2022,0.0,1.0,1.0,0.5,1.0,0.045454545454545456,0.13636363636363635,2.0,12.0
r3-confirm-r2023,2023,0.0,1.0,1.0,0.0,1.0,0.0,0.18181818181818182,2.0,12.0
r3-confirm-r2024,2024,0.0,1.0,1.0,0.5,1.0,0.045454545454545456,0.09090909090909091,3.0,11.0
r3-confirm-r2025,2025,0.0,1.0,1.0,0.5,1.0,0.045454545454545456,0.09090909090909091,4.0,10.0
r3-confirm-r2026,2026,0.0,0.5,0.5,0.0,1.0,0.0,0.09090909090909091,2.0,12.0
r3-confirm-r2027,2027,0.0,0.5,0.5,0.0,0.5,0.0,0.045454545454545456,3.0,10.0
r3-confirm-r2028,2028,0.0,0.5,0.5,1.0,0.5,0.08712121212121213,0.045454545454545456,2.5,11.0
r3-confirm-r2029,2029,0.0,1.0,1.0,0.0,1.0,0.0,0.09090909090909091,2.5,12.0
r3-confirm-r2030,2030,0.0,1.0,1.0,0.5,1.0,0.045454545454545456,0.09090909090909091,2.5,11.0
r3-confirm-r2031,2031,0.0,0.0,0.0,0.0,0.0,0.0,0.0,3.0,12.0
r3-confirm-r2032,2032,0.0,1.0,1.0,0.5,1.0,0.045454545454545456,0.1,2.5,13.5
r3-confirm-r2033,2033,0.0,1.0,1.0,0.0,1.0,0.0,0.09090909090909091,1.0,12.0
r3-confirm-r2034,2034,0.0,0.5,0.5,0.5,0.5,0.045454545454545456,0.045454545454545456,4.0,11.0
r3-confirm-r2035,2035,0.0,1.0,1.0,0.0,1.0,0.0,0.09090909090909091,1.5,12.0
r3-confirm-r2036,2036,0.0,0.5,0.5,0.0,0.5,0.0,0.045454545454545456,2.5,10.0
r3-confirm-r2037,2037,0.0,1.0,1.0,0.0,1.0,0.0,0.09545454545454546,1.5,13.0
r3-confirm-r2038,2038,0.0,1.0,1.0,0.0,1.0,0.0,0.09090909090909091,0.5,13.0
r3-confirm-r2039,2039,0.0,1.0,1.0,0.5,1.0,0.041666666666666664,0.09090909090909091,1.5,12.0
r3-confirm-r2040,2040,0.0,0.0,0.0,0.5,0.0,0.045454545454545456,0.0,1.0,11.0
r3-confirm-r2041,2041,0.0,0.5,0.5,0.5,0.5,0.045454545454545456,0.045454545454545456,2.5,12.0
r3-confirm-r2042,2042,0.0,0.0,0.0,0.0,0.5,0.0,0.045454545454545456,2.0,9.0
r3-confirm-r2043,2043,0.0,1.0,1.0,0.0,1.0,0.0,0.12878787878787878,2.0,12.0
r3-confirm-r2044,2044,0.0,1.0,1.0,1.0,1.0,0.08712121212121213,0.09090909090909091,2.5,11.0
r3-confirm-r2045,2045,0.5,0.5,0.0,1.0,0.5,0.09090909090909091,0.045454545454545456,4.5,12.0
r3-confirm-r2046,2046,0.0,0.5,0.5,0.0,0.5,0.0,0.045454545454545456,2.5,11.5
r3-confirm-r2047,2047,0.0,1.0,1.0,0.0,1.0,0.0,0.12878787878787878,2.0,11.0
r3-confirm-r2048,2048,0.0,0.5,0.5,0.0,0.5,0.0,0.045454545454545456,4.0,9.5
r3-confirm-r2049,2049,0.0,0.5,0.5,0.5,0.5,0.045454545454545456,0.045454545454545456,3.0,13.0
r3-confirm-r2050,2050,0.0,1.0,1.0,0.5,1.0,0.045454545454545456,0.13636363636363635,1.5,11.0
r3-confirm-r2051,2051,0.0,0.5,0.5,0.0,0.5,0.0,0.08333333333333333,3.5,11.0
r3-confirm-r2052,2052,0.0,0.5,0.5,0.5,1.0,0.041666666666666664,0.12878787878787878,0.5,12.0
r3-confirm-r2053,2053,0.0,0.5,0.5,0.5,0.5,0.045454545454545456,0.045454545454545456,3.0,11.0
r3-confirm-r2054,2054,0.0,1.0,1.0,0.5,1.0,0.08333333333333333,0.12878787878787878,3.0,10.0
r3-confirm-r2055,2055,0.0,0.5,0.5,0.5,0.5,0.041666666666666664,0.041666666666666664,3.0,10.5
r3-confirm-r2056,2056,0.0,1.0,1.0,1.0,1.0,0.08712121212121213,0.09090909090909091,1.5,11.5
r3-confirm-r2057,2057,0.0,0.5,0.5,0.0,0.5,0.0,0.045454545454545456,1.0,12.0
r3-confirm-r2058,2058,0.0,0.5,0.5,0.5,1.0,0.041666666666666664,0.09090909090909091,2.5,10.5
r3-confirm-r2059,2059,0.0,1.0,1.0,0.5,1.0,0.09090909090909091,0.09545454545454546,3.5,13.0
r3-confirm-r2060,2060,0.0,1.0,1.0,0.5,1.0,0.045454545454545456,0.13636363636363635,2.5,12.0
r3-confirm-r2061,2061,0.0,0.5,0.5,0.0,1.0,0.0,0.1,4.0,14.0
r3-confirm-r2062,2062,0.0,0.5,0.5,0.5,1.0,0.045454545454545456,0.13636363636363635,3.5,11.0
r3-confirm-r2063,2063,0.0,0.5,0.5,0.5,0.5,0.045454545454545456,0.045454545454545456,3.0,11.0
r3-confirm-r2064,2064,0.0,0.5,0.5,0.0,0.5,0.0,0.045454545454545456,0.5,13.5
r3-confirm-r2065,2065,0.0,1.0,1.0,0.0,1.0,0.0,0.18181818181818182,3.5,9.0
r3-confirm-r2066,2066,0.0,0.5,0.5,0.0,1.0,0.0,0.09090909090909091,2.0,12.0
r3-confirm-r2067,2067,0.0,0.5,0.5,0.0,0.5,0.0,0.045454545454545456,2.5,11.0
r3-confirm-r2068,2068,0.0,1.0,1.0,0.0,1.0,0.0,0.13636363636363635,4.0,11.0
r3-confirm-r2069,2069,0.0,0.5,0.5,0.0,0.5,0.0,0.045454545454545456,3.5,12.0
r3-confirm-r2070,2070,0.0,0.0,0.0,0.0,0.5,0.0,0.045454545454545456,3.5,11.0
r3-confirm-r2071,2071,0.0,0.5,0.5,0.5,0.5,0.045454545454545456,0.041666666666666664,2.5,12.0
r3-confirm-r2072,2072,0.0,1.0,1.0,0.5,1.0,0.045454545454545456,0.13257575757575757,3.0,11.5
r3-confirm-r2073,2073,0.0,0.5,0.5,0.0,0.5,0.0,0.045454545454545456,2.5,10.0
r3-confirm-r2074,2074,0.0,1.0,1.0,0.5,1.0,0.045454545454545456,0.13636363636363635,1.0,14.0
r3-confirm-r2075,2075,0.0,0.5,0.5,0.0,0.5,0.0,0.045454545454545456,3.0,9.0
r3-confirm-r2076,2076,0.0,0.5,0.5,0.0,1.0,0.0,0.09545454545454546,3.5,12.0
r3-confirm-r2077,2077,0.0,1.0,1.0,0.0,1.0,0.0,0.13636363636363635,3.0,11.0
r3-confirm-r2078,2078,0.0,0.5,0.5,0.5,1.0,0.045454545454545456,0.09090909090909091,5.0,10.0
r3-confirm-r2079,2079,0.0,1.0,1.0,0.0,1.0,0.0,0.08712121212121213,3.0,10.0
r3-confirm-r2080,2080,0.0,0.5,0.5,1.0,1.0,0.08333333333333333,0.13636363636363635,1.5,11.0
r3-confirm-r2081,2081,0.0,0.5,0.5,0.5,0.5,0.041666666666666664,0.041666666666666664,4.0,8.0
r3-confirm-r2082,2082,0.0,0.0,0.0,0.5,0.5,0.041666666666666664,0.045454545454545456,3.5,10.0
r3-confirm-r2083,2083,0.0,0.5,0.5,0.5,0.5,0.045454545454545456,0.045454545454545456,2.5,11.0
r3-confirm-r2084,2084,0.0,1.0,1.0,0.0,1.0,0.0,0.09090909090909091,2.0,12.0
r3-confirm-r2085,2085,0.0,1.0,1.0,0.5,1.0,0.045454545454545456,0.14090909090909093,2.0,13.0
r3-confirm-r2086,2086,0.0,0.0,0.0,0.5,0.0,0.041666666666666664,0.0,3.5,11.0
r3-confirm-r2087,2087,0.0,0.5,0.5,0.0,0.5,0.0,0.05,3.0,11.0
r3-confirm-r2088,2088,0.0,1.0,1.0,0.5,1.0,0.045454545454545456,0.09090909090909091,3.0,12.0
r3-confirm-r2089,2089,0.0,1.0,1.0,0.5,1.0,0.045454545454545456,0.12878787878787878,3.0,11.0
r3-confirm-r2090,2090,0.0,0.0,0.0,0.0,0.5,0.0,0.05,3.0,14.0
r3-confirm-r2091,2091,0.0,1.0,1.0,0.5,1.0,0.045454545454545456,0.09090909090909091,1.0,13.0
r3-confirm-r2092,2092,0.0,0.5,0.5,1.0,1.0,0.09090909090909091,0.09090909090909091,4.0,10.0
r3-confirm-r2093,2093,0.0,0.5,0.5,1.0,0.5,0.08333333333333333,0.045454545454545456,2.5,11.0
r3-confirm-r2094,2094,0.0,0.5,0.5,0.0,0.5,0.0,0.041666666666666664,3.5,10.0
r3-confirm-r2095,2095,0.0,1.0,1.0,0.5,1.0,0.045454545454545456,0.09545454545454546,2.5,17.0
r3-confirm-r2096,2096,0.0,1.0,1.0,0.0,1.0,0.0,0.09090909090909091,1.5,14.0
r3-confirm-r2097,2097,0.0,0.5,0.5,1.0,1.0,0.09090909090909091,0.09545454545454546,3.0,13.0
r3-confirm-r2098,2098,0.0,0.5,0.5,0.5,1.0,0.045454545454545456,0.09545454545454546,3.5,12.0
r3-confirm-r2099,2099,0.0,0.5,0.5,0.0,1.0,0.0,0.09090909090909091,2.0,10.0
r3-confirm-r2100,2100,0.0,1.0,1.0,0.0,1.0,0.0,0.09545454545454546,2.0,14.0
r3-confirm-r2101,2101,0.0,0.5,0.5,0.5,0.5,0.05,0.05,5.0,13.0
r3-confirm-r2102,2102,0.0,1.0,1.0,0.5,1.0,0.045454545454545456,0.09545454545454546,4.0,13.0
r3-confirm-r2103,2103,0.0,0.5,0.5,0.5,1.0,0.045454545454545456,0.14090909090909093,2.0,12.0
r3-confirm-r2104,2104,0.0,0.5,0.5,0.5,0.5,0.045454545454545456,0.045454545454545456,2.5,10.0
r3-confirm-r2105,2105,0.5,0.5,0.0,1.0,1.0,0.08333333333333333,0.12878787878787878,3.0,10.0
r3-confirm-r2106,2106,0.0,0.0,0.0,0.5,0.5,0.041666666666666664,0.045454545454545456,3.5,9.0
r3-confirm-r2107,2107,0.0,0.5,0.5,0.0,0.5,0.0,0.045454545454545456,3.0,12.0
r3-confirm-r2108,2108,0.0,0.5,0.5,0.5,0.5,0.041666666666666664,0.09090909090909091,3.0,11.0
r3-confirm-r2109,2109,0.0,1.0,1.0,0.5,1.0,0.045454545454545456,0.08712121212121213,3.0,10.5
r3-confirm-r2110,2110,0.0,1.0,1.0,0.0,1.0,0.0,0.14545454545454545,2.0,12.5
r3-confirm-r2111,2111,0.0,1.0,1.0,0.5,1.0,0.045454545454545456,0.09090909090909091,1.0,11.0
r3-confirm-r2112,2112,0.0,1.0,1.0,0.0,1.0,0.0,0.13333333333333333,1.0,12.0
r3-confirm-r2113,2113,0.0,0.5,0.5,0.0,0.5,0.0,0.08333333333333333,1.0,11.0
r3-confirm-r2114,2114,0.0,1.0,1.0,0.0,1.0,0.0,0.09090909090909091,3.0,12.0
r3-confirm-r2115,2115,0.0,1.0,1.0,0.5,1.0,0.045454545454545456,0.1,1.0,14.0
r3-confirm-r2116,2116,0.0,0.5,0.5,0.0,0.5,0.0,0.041666666666666664,3.5,10.0
r3-confirm-r2117,2117,0.5,0.5,0.0,0.5,0.5,0.08333333333333333,0.045454545454545456,2.5,10.0
r3-confirm-r2118,2118,0.0,0.5,0.5,0.5,1.0,0.045454545454545456,0.09090909090909091,3.5,11.0
r3-confirm-r2119,2119,0.0,1.0,1.0,0.5,1.0,0.045454545454545456,0.09545454545454546,3.0,14.0
r3-confirm-r2120,2120,0.0,0.5,0.5,0.5,0.5,0.041666666666666664,0.09090909090909091,1.5,12.0
r3-confirm-r2121,2121,0.0,1.0,1.0,0.5,1.0,0.041666666666666664,0.09545454545454546,1.5,13.0
r3-confirm-r2122,2122,0.0,0.5,0.5,1.0,0.5,0.09090909090909091,0.045454545454545456,2.5,12.0
r3-confirm-r2123,2123,0.0,0.5,0.5,0.5,1.0,0.045454545454545456,0.13636363636363635,2.0,12.0
r3-confirm-r2124,2124,0.0,0.5,0.5,0.5,1.0,0.045454545454545456,0.09090909090909091,2.0,12.0
r3-confirm-r2125,2125,0.0,1.0,1.0,0.0,1.0,0.0,0.1,3.5,14.5
r3-confirm-r2126,2126,0.0,0.0,0.0,0.0,0.5,0.0,0.045454545454545456,3.0,10.0
r3-confirm-r2127,2127,0.0,0.5,0.5,0.0,0.5,0.0,0.045454545454545456,3.0,12.0
r3-confirm-r2128,2128,0.0,1.0,1.0,0.5,1.0,0.045454545454545456,0.09090909090909091,3.0,12.0
r3-confirm-r2129,2129,0.0,1.0,1.0,0.5,1.0,0.045454545454545456,0.09090909090909091,3.0,11.0
r3-confirm-r2130,2130,0.0,1.0,1.0,0.0,1.0,0.0,0.13636363636363635,1.0,13.0
r3-confirm-r2131,2131,0.5,1.0,0.5,1.0,1.0,0.09090909090909091,0.09090909090909091,3.0,12.0
r3-confirm-r2132,2132,0.0,1.0,1.0,0.5,1.0,0.045454545454545456,0.09545454545454546,2.5,11.5
r3-confirm-r2133,2133,0.0,0.5,0.5,0.5,0.5,0.041666666666666664,0.08333333333333333,1.0,11.0
r3-confirm-r2134,2134,0.0,1.0,1.0,0.0,1.0,0.0,0.12878787878787878,2.5,11.0
r3-confirm-r2135,2135,0.0,0.5,0.5,1.0,1.0,0.09090909090909091,0.09545454545454546,3.5,12.0
r3-confirm-r2136,2136,0.0,1.0,1.0,0.0,1.0,0.0,0.12878787878787878,2.0,11.0
r3-confirm-r2137,2137,0.0,1.0,1.0,0.5,1.0,0.045454545454545456,0.09090909090909091,2.0,10.0
r3-confirm-r2138,2138,0.0,0.5,0.5,0.0,0.5,0.0,0.045454545454545456,2.5,11.0
r3-confirm-r2139,2139,0.0,0.5,0.5,0.0,0.5,0.0,0.045454545454545456,1.5,11.0
r3-confirm-r2140,2140,0.0,1.0,1.0,0.5,1.0,0.045454545454545456,0.13636363636363635,1.5,13.0
r3-confirm-r2141,2141,0.0,0.5,0.5,0.0,0.5,0.0,0.045454545454545456,3.0,11.0
r3-confirm-r2142,2142,0.0,1.0,1.0,0.5,1.0,0.045454545454545456,0.09090909090909091,3.0,12.0
r3-confirm-r2143,2143,0.0,1.0,1.0,0.0,1.0,0.0,0.09090909090909091,2.0,11.5
r3-confirm-r2144,2144,0.0,0.5,0.5,0.5,0.5,0.041666666666666664,0.09090909090909091,2.0,11.0
r3-confirm-r2145,2145,0.0,0.5,0.5,0.0,0.5,0.0,0.05,4.0,12.0
r3-confirm-r2146,2146,0.0,0.5,0.5,0.0,0.5,0.0,0.041666666666666664,3.0,11.0
r3-confirm-r2147,2147,0.0,0.5,0.5,1.0,0.5,0.09090909090909091,0.045454545454545456,1.0,14.0
r3-confirm-r2148,2148,0.0,0.0,0.0,1.0,0.0,0.09090909090909091,0.0,2.0,12.0
r3-confirm-r2149,2149,0.0,0.5,0.5,0.0,1.0,0.0,0.09090909090909091,2.0,10.0
r3-confirm-r2150,2150,0.0,1.0,1.0,0.0,1.0,0.0,0.13636363636363635,0.5,11.0
r3-confirm-r2151,2151,0.0,0.5,0.5,0.0,1.0,0.0,0.14090909090909093,1.5,10.0
r3-confirm-r2152,2152,0.0,1.0,1.0,0.5,1.0,0.08333333333333333,0.09090909090909091,2.5,11.0
r3-confirm-r2153,2153,0.0,0.5,0.5,0.0,0.5,0.0,0.045454545454545456,2.0,13.0
r3-confirm-r2154,2154,0.0,1.0,1.0,0.0,1.0,0.0,0.13636363636363635,2.0,13.0
r3-confirm-r2155,2155,0.0,0.5,0.5,1.0,0.5,0.09090909090909091,0.09090909090909091,2.0,12.0
r3-confirm-r2156,2156,0.0,0.5,0.5,0.0,0.5,0.0,0.09090909090909091,3.5,12.0
r3-confirm-r2157,2157,0.0,1.0,1.0,0.0,1.0,0.0,0.09090909090909091,1.5,13.0
r3-confirm-r2158,2158,0.0,0.5,0.5,0.0,0.5,0.0,0.045454545454545456,3.5,11.0
r3-confirm-r2159,2159,0.0,0.5,0.5,0.0,0.5,0.0,0.045454545454545456,4.0,10.0
r3-confirm-r2160,2160,0.0,1.0,1.0,0.0,1.0,0.0,0.13636363636363635,2.5,11.0
r3-confirm-r2161,2161,0.0,0.5,0.5,0.0,1.0,0.0,0.09090909090909091,2.5,9.5
r3-confirm-r2162,2162,0.0,0.0,0.0,0.0,0.0,0.0,0.0,2.5,12.0
r3-confirm-r2163,2163,0.0,0.5,0.5,1.0,0.5,0.08712121212121213,0.045454545454545456,3.0,12.0
r3-confirm-r2164,2164,0.0,1.0,1.0,1.0,1.0,0.09090909090909091,0.09090909090909091,3.0,12.0
r3-confirm-r2165,2165,0.0,1.0,1.0,0.0,1.0,0.0,0.09090909090909091,1.0,12.5
r3-confirm-r2166,2166,0.0,0.5,0.5,0.5,0.5,0.041666666666666664,0.045454545454545456,1.0,11.0
r3-confirm-r2167,2167,0.0,1.0,1.0,0.0,1.0,0.0,0.09090909090909091,3.0,12.0
r3-confirm-r2168,2168,0.0,1.0,1.0,0.0,1.0,0.0,0.09090909090909091,2.5,10.5
r3-confirm-r2169,2169,0.0,1.0,1.0,0.5,1.0,0.041666666666666664,0.09090909090909091,2.0,12.0
r3-confirm-r2170,2170,0.0,0.5,0.5,1.0,0.5,0.09090909090909091,0.045454545454545456,4.0,10.0
r3-confirm-r2171,2171,0.0,0.5,0.5,0.5,0.5,0.041666666666666664,0.045454545454545456,2.5,12.0
r3-confirm-r2172,2172,0.0,1.0,1.0,0.5,1.0,0.041666666666666664,0.09090909090909091,2.0,12.0
r3-confirm-r2173,2173,0.0,0.5,0.5,0.5,0.5,0.041666666666666664,0.09090909090909091,1.5,10.0
r3-confirm-r2174,2174,0.0,0.5,0.5,0.0,1.0,0.0,0.09545454545454546,2.0,12.5
r3-confirm-r2175,2175,0.0,0.0,0.0,0.0,0.0,0.0,0.0,3.5,9.0
r3-confirm-r2176,2176,0.0,1.0,1.0,0.5,1.0,0.045454545454545456,0.09090909090909091,3.0,12.0
r3-confirm-r2177,2177,0.0,1.0,1.0,1.0,1.0,0.08712121212121213,0.1,0.5,14.0
r3-confirm-r2178,2178,0.0,1.0,1.0,0.0,1.0,0.0,0.09090909090909091,2.5,13.0
r3-confirm-r2179,2179,0.0,0.0,0.0,1.0,0.5,0.09090909090909091,0.045454545454545456,4.5,10.0
r3-confirm-r2180,2180,0.0,1.0,1.0,0.5,1.0,0.045454545454545456,0.09545454545454546,1.0,14.0
r3-confirm-r2181,2181,0.5,1.0,0.5,0.5,1.0,0.045454545454545456,0.09090909090909091,4.5,14.0
r3-confirm-r2182,2182,0.0,1.0,1.0,0.5,1.0,0.041666666666666664,0.09090909090909091,3.5,10.0
r3-confirm-r2183,2183,0.0,1.0,1.0,0.5,1.0,0.041666666666666664,0.08333333333333333,2.0,11.0
r3-confirm-r2184,2184,0.0,0.0,0.0,0.0,0.0,0.0,0.0,4.5,8.0
r3-confirm-r2185,2185,0.0,1.0,1.0,0.5,1.0,0.045454545454545456,0.08712121212121213,2.0,12.0
r3-confirm-r2186,2186,0.0,1.0,1.0,0.0,1.0,0.0,0.15000000000000002,4.0,13.0
r3-confirm-r2187,2187,0.0,1.0,1.0,1.0,1.0,0.1,0.10555555555555556,2.5,18.0
r3-confirm-r2188,2188,0.0,1.0,1.0,0.5,1.0,0.045454545454545456,0.13636363636363635,2.0,12.0
r3-confirm-r2189,2189,0.0,1.0,1.0,1.0,1.0,0.08712121212121213,0.125,2.5,12.5
r3-confirm-r2190,2190,0.0,1.0,1.0,0.5,1.0,0.05,0.1,3.0,13.0
r3-confirm-r2191,2191,0.0,0.5,0.5,0.0,0.5,0.0,0.08333333333333333,3.0,9.0
r3-confirm-r2192,2192,0.0,1.0,1.0,0.0,1.0,0.0,0.1,3.0,15.0
r3-confirm-r2193,2193,0.0,1.0,1.0,0.0,1.0,0.0,0.09090909090909091,1.5,13.0
r3-confirm-r2194,2194,0.0,1.0,1.0,0.5,1.0,0.045454545454545456,0.09090909090909091,4.5,10.0
r3-confirm-r2195,2195,0.0,0.0,0.0,1.0,0.0,0.09090909090909091,0.0,3.0,11.0
r3-confirm-r2196,2196,0.0,1.0,1.0,0.5,1.0,0.045454545454545456,0.09090909090909091,1.0,12.5
r3-confirm-r2197,2197,0.0,0.5,0.5,0.5,0.5,0.041666666666666664,0.09090909090909091,1.5,13.0
r3-confirm-r2198,2198,0.0,1.0,1.0,0.5,1.0,0.045454545454545456,0.13636363636363635,3.0,13.0
r3-confirm-r2199,2199,0.0,1.0,1.0,0.5,1.0,0.045454545454545456,0.09090909090909091,3.0,13.0
r3-confirm-r2200,2200,0.0,1.0,1.0,1.0,1.0,0.09090909090909091,0.09090909090909091,3.0,12.0
r3-confirm-r2201,2201,0.0,0.5,0.5,0.5,0.5,0.045454545454545456,0.09090909090909091,1.0,12.0
r3-confirm-r2202,2202,0.0,0.5,0.5,0.0,0.5,0.0,0.05,5.0,12.5
r3-confirm-r2203,2203,0.0,0.0,0.0,0.5,0.5,0.045454545454545456,0.05,3.0,11.0
r3-confirm-r2204,2204,0.0,1.0,1.0,0.0,1.0,0.0,0.09090909090909091,0.5,15.0
r3-confirm-r2205,2205,0.0,1.0,1.0,0.0,1.0,0.0,0.09090909090909091,2.5,13.0
r3-confirm-r2206,2206,0.0,1.0,1.0,0.5,1.0,0.045454545454545456,0.09545454545454546,3.5,12.0
r3-confirm-r2207,2207,0.0,1.0,1.0,1.0,1.0,0.08712121212121213,0.08712121212121213,1.5,11.0
r3-confirm-r2208,2208,0.0,0.5,0.5,0.0,0.5,0.0,0.045454545454545456,1.0,12.0
r3-confirm-r2209,2209,0.0,1.0,1.0,0.0,1.0,0.0,0.09090909090909091,2.5,11.0
r3-confirm-r2210,2210,0.0,0.5,0.5,0.5,0.5,0.045454545454545456,0.045454545454545456,3.0,10.0
r3-confirm-r2211,2211,0.0,1.0,1.0,0.5,1.0,0.041666666666666664,0.08712121212121213,1.0,12.0
r3-confirm-r2212,2212,0.0,0.5,0.5,0.0,0.5,0.0,0.041666666666666664,4.0,8.0
r3-confirm-r2213,2213,0.0,0.5,0.5,0.5,0.5,0.041666666666666664,0.09090909090909091,1.5,10.0
r3-confirm-r2214,2214,0.0,1.0,1.0,1.0,1.0,0.09090909090909091,0.1,2.0,14.0
r3-confirm-r2215,2215,0.0,0.5,0.5,0.5,0.5,0.041666666666666664,0.045454545454545456,2.5,10.5
r3-confirm-r2216,2216,0.0,0.0,0.0,0.5,0.5,0.041666666666666664,0.041666666666666664,2.0,9.0
r3-confirm-r2217,2217,0.0,0.5,0.5,0.0,0.5,0.0,0.045454545454545456,4.0,9.0
r3-confirm-r2218,2218,0.0,1.0,1.0,1.0,1.0,0.13636363636363635,0.13636363636363635,5.0,13.0
r3-confirm-r2219,2219,0.0,0.5,0.5,0.0,1.0,0.0,0.09090909090909091,2.5,11.0
r3-confirm-r2220,2220,0.0,1.0,1.0,0.5,1.0,0.041666666666666664,0.16666666666666666,2.5,9.0
r3-confirm-r2221,2221,0.0,0.5,0.5,0.5,0.5,0.041666666666666664,0.045454545454545456,1.5,12.0
r3-confirm-r2222,2222,0.0,0.0,0.0,0.5,1.0,0.045454545454545456,0.1,2.5,10.0
r3-confirm-r2223,2223,0.0,0.5,0.5,0.5,0.5,0.041666666666666664,0.08333333333333333,3.0,10.0
r3-confirm-r2224,2224,0.0,0.5,0.5,0.5,0.5,0.041666666666666664,0.09090909090909091,1.0,10.0
r3-confirm-r2225,2225,0.0,1.0,1.0,0.0,1.0,0.0,0.1,4.5,14.0
r3-confirm-r2226,2226,0.0,1.0,1.0,0.0,1.0,0.0,0.12878787878787878,2.5,11.0
r3-confirm-r2227,2227,0.0,1.0,1.0,0.5,1.0,0.045454545454545456,0.08712121212121213,2.5,10.0
r3-confirm-r2228,2228,0.0,1.0,1.0,0.5,1.0,0.045454545454545456,0.14090909090909093,0.5,13.5
r3-confirm-r2229,2229,0.0,1.0,1.0,1.0,1.0,0.09090909090909091,0.09090909090909091,3.0,10.0
r3-confirm-r2230,2230,0.0,0.0,0.0,0.5,0.5,0.041666666666666664,0.045454545454545456,1.5,10.0
r3-confirm-r2231,2231,0.0,1.0,1.0,0.0,1.0,0.0,0.08712121212121213,2.5,10.5
r3-confirm-r2232,2232,0.0,1.0,1.0,0.5,1.0,0.045454545454545456,0.09545454545454546,2.0,13.0
r3-confirm-r2233,2233,0.0,0.0,0.0,0.0,0.0,0.0,0.0,4.0,11.0
r3-confirm-r2234,2234,0.0,1.0,1.0,0.5,1.0,0.045454545454545456,0.09090909090909091,1.5,14.0
r3-confirm-r2235,2235,0.0,0.5,0.5,1.0,1.0,0.09090909090909091,0.09090909090909091,3.5,11.0
r3-confirm-r2236,2236,0.0,1.0,1.0,0.5,1.0,0.045454545454545456,0.13636363636363635,2.5,13.0
r3-confirm-r2237,2237,0.0,0.5,0.5,0.5,0.5,0.045454545454545456,0.045454545454545456,3.0,10.0
r3-confirm-r2238,2238,0.0,0.5,0.5,1.0,0.5,0.08712121212121213,0.045454545454545456,1.5,12.0
r3-confirm-r2239,2239,0.0,1.0,1.0,0.5,1.0,0.045454545454545456,0.09090909090909091,1.0,11.5
r3-confirm-r2240,2240,0.0,1.0,1.0,0.0,1.0,0.0,0.13636363636363635,2.5,11.0
r3-confirm-r2241,2241,0.0,1.0,1.0,0.5,1.0,0.041666666666666664,0.12878787878787878,2.5,11.0
r3-confirm-r2242,2242,0.0,0.5,0.5,1.0,1.0,0.08333333333333333,0.08712121212121213,3.0,9.0
r3-confirm-r2243,2243,0.0,1.0,1.0,0.5,1.0,0.041666666666666664,0.09090909090909091,3.0,9.5
r3-confirm-r2244,2244,0.0,0.5,0.5,0.0,0.5,0.0,0.045454545454545456,3.0,12.0
r3-confirm-r2245,2245,0.0,0.5,0.5,0.5,0.5,0.045454545454545456,0.045454545454545456,3.5,9.0
r3-confirm-r2246,2246,0.0,0.0,0.0,0.5,0.5,0.041666666666666664,0.045454545454545456,2.5,9.0
r3-confirm-r2247,2247,0.0,0.0,0.0,1.0,0.0,0.09090909090909091,0.0,3.0,11.0
r3-confirm-r2248,2248,0.0,0.0,0.0,0.5,1.0,0.045454545454545456,0.1,3.5,12.0
r3-confirm-r2249,2249,0.0,0.5,0.5,0.0,0.5,0.0,0.05,3.5,12.0
r3-confirm-r2250,2250,0.0,0.5,0.5,0.0,0.5,0.0,0.045454545454545456,2.5,11.0
r3-confirm-r2251,2251,0.0,0.5,0.5,0.0,0.5,0.0,0.05555555555555555,4.5,15.5
r3-confirm-r2252,2252,0.0,1.0,1.0,1.0,1.0,0.09090909090909091,0.18181818181818182,3.0,12.0
r3-confirm-r2253,2253,0.0,1.0,1.0,0.5,1.0,0.08333333333333333,0.09090909090909091,2.0,13.0
r3-confirm-r2254,2254,0.0,1.0,1.0,0.0,1.0,0.0,0.09545454545454546,3.0,11.0
r3-confirm-r2255,2255,0.0,1.0,1.0,0.5,1.0,0.045454545454545456,0.14090909090909093,1.0,13.0
r3-confirm-r2256,2256,0.0,0.5,0.5,0.5,0.5,0.045454545454545456,0.045454545454545456,3.5,12.0
r3-confirm-r2257,2257,0.0,1.0,1.0,0.5,1.0,0.041666666666666664,0.09090909090909091,2.5,10.0
r3-confirm-r2258,2258,0.0,0.5,0.5,0.0,0.5,0.0,0.05,3.0,12.0
r3-confirm-r2259,2259,0.0,0.5,0.5,0.0,0.5,0.0,0.045454545454545456,3.0,11.0
r3-confirm-r2260,2260,0.0,0.5,0.5,0.5,0.5,0.08333333333333333,0.09090909090909091,2.0,12.0
r3-confirm-r2261,2261,0.5,1.0,0.5,1.0,1.0,0.13636363636363635,0.13636363636363635,4.5,11.0
r3-confirm-r2262,2262,0.0,1.0,1.0,0.5,1.0,0.05,0.10555555555555556,2.5,17.0
r3-confirm-r2263,2263,0.0,0.5,0.5,0.0,0.5,0.0,0.045454545454545456,2.0,11.0
r3-confirm-r2264,2264,0.0,0.0,0.0,0.0,0.0,0.0,0.0,0.0,13.0
r3-confirm-r2265,2265,0.0,0.5,0.5,0.5,0.5,0.05,0.05,3.5,15.0
r3-confirm-r2266,2266,0.0,1.0,1.0,0.0,1.0,0.0,0.09090909090909091,1.5,13.0
r3-confirm-r2267,2267,0.0,0.5,0.5,0.5,0.5,0.045454545454545456,0.045454545454545456,3.0,12.0
r3-confirm-r2268,2268,0.0,0.5,0.5,0.0,1.0,0.0,0.09090909090909091,4.0,10.0
r3-confirm-r2269,2269,0.0,1.0,1.0,0.0,1.0,0.0,0.13636363636363635,1.5,14.0
r3-confirm-r2270,2270,0.0,1.0,1.0,0.0,1.0,0.0,0.14090909090909093,4.0,13.0
r3-confirm-r2271,2271,0.0,1.0,1.0,0.0,1.0,0.0,0.18181818181818182,1.0,11.5
r3-confirm-r2272,2272,0.0,1.0,1.0,0.5,1.0,0.045454545454545456,0.14090909090909093,2.0,12.0
r3-confirm-r2273,2273,1.0,0.5,-0.5,1.0,1.0,0.09090909090909091,0.09090909090909091,5.0,11.5
r3-confirm-r2274,2274,0.0,1.0,1.0,0.5,1.0,0.045454545454545456,0.09090909090909091,3.5,11.0
r3-confirm-r2275,2275,0.0,1.0,1.0,0.0,1.0,0.0,0.09090909090909091,2.5,11.0
r3-confirm-r2276,2276,0.0,0.5,0.5,0.5,0.5,0.045454545454545456,0.045454545454545456,1.5,12.0
r3-confirm-r2277,2277,0.0,1.0,1.0,1.0,1.0,0.09090909090909091,0.09090909090909091,4.0,11.0
r3-confirm-r2278,2278,0.0,0.5,0.5,0.0,0.5,0.0,0.045454545454545456,2.0,12.0
r3-confirm-r2279,2279,0.0,0.5,0.5,1.0,0.5,0.13636363636363635,0.05,1.0,13.5
r3-confirm-r2280,2280,0.0,1.0,1.0,1.0,1.0,0.125,0.09545454545454546,1.0,13.0
r3-confirm-r2281,2281,0.0,1.0,1.0,0.0,1.0,0.0,0.09090909090909091,1.5,11.0
r3-confirm-r2282,2282,0.0,0.5,0.5,0.5,0.5,0.08333333333333333,0.08333333333333333,2.0,11.5
r3-confirm-r2283,2283,0.0,1.0,1.0,1.0,1.0,0.08333333333333333,0.08712121212121213,2.5,11.0
r3-confirm-r2284,2284,0.0,1.0,1.0,0.0,1.0,0.0,0.13636363636363635,3.0,11.0
r3-confirm-r2285,2285,0.0,0.5,0.5,1.0,0.5,0.09090909090909091,0.05,3.0,14.0
r3-confirm-r2286,2286,0.0,1.0,1.0,0.5,1.0,0.045454545454545456,0.13333333333333333,2.0,13.5
r3-confirm-r2287,2287,0.0,1.0,1.0,1.0,1.0,0.08712121212121213,0.13636363636363635,1.5,13.0
r3-confirm-r2288,2288,0.0,1.0,1.0,0.0,1.0,0.0,0.09090909090909091,1.0,12.0
r3-confirm-r2289,2289,0.0,0.5,0.5,0.0,1.0,0.0,0.09090909090909091,3.5,12.0
r3-confirm-r2290,2290,0.0,0.5,0.5,0.0,0.5,0.0,0.045454545454545456,2.0,11.5
r3-confirm-r2291,2291,0.0,1.0,1.0,0.0,1.0,0.0,0.13636363636363635,5.0,11.0
r3-confirm-r2292,2292,0.0,1.0,1.0,0.0,1.0,0.0,0.09545454545454546,1.0,11.0
r3-confirm-r2293,2293,0.0,0.5,0.5,0.5,1.0,0.045454545454545456,0.09090909090909091,2.0,12.0
r3-confirm-r2294,2294,0.0,1.0,1.0,0.0,1.0,0.0,0.08712121212121213,2.0,12.0
r3-confirm-r2295,2295,0.0,0.5,0.5,0.5,0.5,0.045454545454545456,0.045454545454545456,3.0,9.0
r3-confirm-r2296,2296,0.0,0.0,0.0,1.0,0.0,0.08333333333333333,0.0,1.0,11.0
r3-confirm-r2297,2297,0.0,1.0,1.0,0.0,1.0,0.0,0.12878787878787878,3.0,11.0
r3-confirm-r2298,2298,0.0,1.0,1.0,0.0,1.0,0.0,0.09090909090909091,3.0,11.0
r3-confirm-r2299,2299,0.0,1.0,1.0,0.0,1.0,0.0,0.09090909090909091,2.0,13.0
r3-confirm-r2300,2300,0.0,1.0,1.0,0.0,1.0,0.0,0.09090909090909091,2.5,10.0
r3-confirm-r2301,2301,0.0,0.5,0.5,0.0,0.5,0.0,0.045454545454545456,3.0,13.0
r3-confirm-r2302,2302,0.0,0.5,0.5,0.0,0.5,0.0,0.05,1.5,11.0
r3-confirm-r2303,2303,0.0,1.0,1.0,0.5,1.0,0.045454545454545456,0.09545454545454546,1.5,13.0
r3-confirm-r2304,2304,0.0,0.5,0.5,0.0,0.5,0.0,0.045454545454545456,5.0,9.0
r3-confirm-r2305,2305,0.0,1.0,1.0,0.5,1.0,0.041666666666666664,0.09090909090909091,1.0,13.0
r3-confirm-r2306,2306,0.0,0.5,0.5,0.5,0.5,0.08333333333333333,0.045454545454545456,2.0,12.0
r3-confirm-r2307,2307,0.0,0.0,0.0,0.0,0.0,0.0,0.0,2.5,12.0
r3-confirm-r2308,2308,0.0,0.5,0.5,0.5,0.5,0.045454545454545456,0.045454545454545456,3.0,14.0
r3-confirm-r2309,2309,0.0,1.0,1.0,0.5,1.0,0.045454545454545456,0.09090909090909091,3.0,12.0
r3-confirm-r2310,2310,0.0,0.5,0.5,1.0,0.5,0.08712121212121213,0.045454545454545456,2.0,11.0
r3-confirm-r2311,2311,0.0,1.0,1.0,0.0,1.0,0.0,0.14090909090909093,2.5,12.0
r3-confirm-r2312,2312,0.0,1.0,1.0,0.5,1.0,0.041666666666666664,0.12878787878787878,2.0,11.0
r3-confirm-r2313,2313,0.0,0.5,0.5,0.0,0.5,0.0,0.045454545454545456,2.5,11.0
r3-confirm-r2314,2314,0.0,0.0,0.0,0.0,0.0,0.0,0.0,3.5,11.0
r3-confirm-r2315,2315,0.0,0.5,0.5,0.0,0.5,0.0,0.05,3.5,12.0
r3-confirm-r2316,2316,0.0,1.0,1.0,0.5,1.0,0.045454545454545456,0.13636363636363635,4.0,11.0
r3-confirm-r2317,2317,0.0,1.0,1.0,1.0,1.0,0.08712121212121213,0.09090909090909091,2.0,15.0
r3-confirm-r2318,2318,0.0,1.0,1.0,0.5,1.0,0.05,0.15000000000000002,0.5,15.0
r3-confirm-r2319,2319,0.0,0.5,0.5,0.5,0.5,0.045454545454545456,0.09090909090909091,2.0,10.0
r3-confirm-r2320,2320,0.0,1.0,1.0,0.5,1.0,0.045454545454545456,0.09545454545454546,3.0,12.5
r3-confirm-r2321,2321,0.0,1.0,1.0,0.5,1.0,0.045454545454545456,0.09090909090909091,3.5,10.0
r3-confirm-r2322,2322,0.0,0.5,0.5,0.5,1.0,0.045454545454545456,0.09090909090909091,3.0,13.0
r3-confirm-r2323,2323,0.0,0.5,0.5,0.0,0.5,0.0,0.045454545454545456,2.0,9.5
r3-confirm-r2324,2324,0.0,0.5,0.5,0.0,0.5,0.0,0.041666666666666664,2.5,12.0
r3-confirm-r2325,2325,0.0,0.0,0.0,0.5,0.0,0.045454545454545456,0.0,3.5,13.5
r3-confirm-r2326,2326,0.0,1.0,1.0,1.0,1.0,0.08333333333333333,0.09090909090909091,2.5,12.5
r3-confirm-r2327,2327,0.0,0.5,0.5,0.0,0.5,0.0,0.05,2.0,14.0
r3-confirm-r2328,2328,0.0,0.5,0.5,0.0,0.5,0.0,0.09090909090909091,3.0,13.0
r3-confirm-r2329,2329,0.0,0.0,0.0,0.0,0.0,0.0,0.0,2.0,10.0
r3-confirm-r2330,2330,0.0,1.0,1.0,0.0,1.0,0.0,0.1,1.5,15.0
r3-confirm-r2331,2331,0.0,1.0,1.0,0.0,1.0,0.0,0.13636363636363635,1.0,11.5
r3-confirm-r2332,2332,0.0,0.5,0.5,0.5,1.0,0.045454545454545456,0.09090909090909091,2.5,11.0
r3-confirm-r2333,2333,0.0,1.0,1.0,0.0,1.0,0.0,0.09090909090909091,1.5,14.0
r3-confirm-r2334,2334,0.0,0.5,0.5,0.0,0.5,0.0,0.045454545454545456,3.0,12.0
r3-confirm-r2335,2335,0.0,1.0,1.0,1.0,1.0,0.09090909090909091,0.13636363636363635,2.5,11.0
r3-confirm-r2336,2336,0.0,0.5,0.5,0.0,0.5,0.0,0.045454545454545456,2.5,12.0
r3-confirm-r2337,2337,0.0,0.5,0.5,0.5,0.5,0.045454545454545456,0.045454545454545456,3.0,13.5
r3-confirm-r2338,2338,0.0,1.0,1.0,0.5,1.0,0.041666666666666664,0.17045454545454547,2.0,10.0
r3-confirm-r2339,2339,0.0,0.5,0.5,0.0,0.5,0.0,0.045454545454545456,2.0,11.0
r3-confirm-r2340,2340,0.0,0.5,0.5,0.0,1.0,0.0,0.09090909090909091,2.0,10.0
r3-confirm-r2341,2341,0.0,0.5,0.5,0.0,0.5,0.0,0.09090909090909091,1.5,12.0
r3-confirm-r2342,2342,0.0,0.5,0.5,1.0,0.5,0.12878787878787878,0.045454545454545456,2.0,11.0
r3-confirm-r2343,2343,0.0,0.5,0.5,0.5,0.5,0.045454545454545456,0.045454545454545456,1.5,11.5
r3-confirm-r2344,2344,0.0,1.0,1.0,0.5,1.0,0.045454545454545456,0.09090909090909091,3.5,12.5
r3-confirm-r2345,2345,0.0,1.0,1.0,0.0,1.0,0.0,0.09090909090909091,2.0,11.0
r3-confirm-r2346,2346,0.0,0.5,0.5,0.5,0.5,0.041666666666666664,0.045454545454545456,2.0,10.5
r3-confirm-r2347,2347,0.0,0.5,0.5,1.0,0.5,0.08712121212121213,0.05,1.0,16.0
r3-confirm-r2348,2348,0.0,0.0,0.0,0.0,0.0,0.0,0.0,3.0,9.0
r3-confirm-r2349,2349,0.0,0.0,0.0,0.5,0.0,0.045454545454545456,0.0,3.0,11.0
r3-confirm-r2350,2350,0.0,0.5,0.5,0.5,0.5,0.045454545454545456,0.045454545454545456,1.0,17.0
r3-confirm-r2351,2351,0.0,1.0,1.0,0.5,1.0,0.041666666666666664,0.09090909090909091,0.0,12.0
r3-confirm-r2352,2352,0.0,0.5,0.5,0.0,1.0,0.0,0.09090909090909091,1.0,11.0
r3-confirm-r2353,2353,0.0,1.0,1.0,0.5,1.0,0.041666666666666664,0.09090909090909091,2.0,10.5
r3-confirm-r2354,2354,0.5,0.5,0.0,0.5,0.5,0.045454545454545456,0.045454545454545456,3.0,11.0
r3-confirm-r2355,2355,0.0,0.0,0.0,0.0,0.0,0.0,0.0,3.5,9.5
r3-confirm-r2356,2356,0.0,0.5,0.5,0.5,1.0,0.045454545454545456,0.09090909090909091,3.0,10.0
r3-confirm-r2357,2357,0.0,0.0,0.0,1.0,0.0,0.08333333333333333,0.0,3.0,9.0
r3-confirm-r2358,2358,0.0,1.0,1.0,1.0,1.0,0.08712121212121213,0.12878787878787878,2.0,11.0
r3-confirm-r2359,2359,0.0,1.0,1.0,1.0,1.0,0.08712121212121213,0.13636363636363635,2.0,11.0
r3-confirm-r2360,2360,0.0,0.5,0.5,0.0,0.5,0.0,0.09090909090909091,2.0,11.5
r3-confirm-r2361,2361,0.0,0.5,0.5,1.0,1.0,0.125,0.13636363636363635,2.5,10.5
r3-confirm-r2362,2362,0.0,1.0,1.0,0.5,1.0,0.045454545454545456,0.14090909090909093,1.0,14.0
r3-confirm-r2363,2363,0.0,0.5,0.5,0.5,0.5,0.041666666666666664,0.045454545454545456,2.0,9.0
r3-confirm-r2364,2364,0.0,1.0,1.0,0.0,1.0,0.0,0.09090909090909091,3.0,12.0
r3-confirm-r2365,2365,0.0,0.5,0.5,1.0,0.5,0.08712121212121213,0.045454545454545456,2.5,11.0
r3-confirm-r2366,2366,0.0,0.5,0.5,0.0,0.5,0.0,0.045454545454545456,2.5,12.0
r3-confirm-r2367,2367,0.0,1.0,1.0,0.5,1.0,0.045454545454545456,0.14090909090909093,2.5,13.0
r3-confirm-r2368,2368,0.0,0.5,0.5,0.5,0.5,0.08333333333333333,0.041666666666666664,1.5,12.5
r3-confirm-r2369,2369,0.0,1.0,1.0,0.5,1.0,0.045454545454545456,0.09090909090909091,3.5,12.0
r3-confirm-r2370,2370,0.0,1.0,1.0,1.0,1.0,0.09090909090909091,0.09090909090909091,1.0,14.0
r3-confirm-r2371,2371,0.0,0.5,0.5,0.5,1.0,0.05,0.1,4.5,13.0
r3-confirm-r2372,2372,0.0,0.5,0.5,0.5,0.5,0.09090909090909091,0.05,3.0,13.5
r3-confirm-r2373,2373,0.0,1.0,1.0,0.5,1.0,0.045454545454545456,0.09090909090909091,3.5,9.0
r3-confirm-r2374,2374,0.0,0.5,0.5,0.5,0.5,0.041666666666666664,0.045454545454545456,3.0,11.0
r3-confirm-r2375,2375,0.0,0.5,0.5,0.5,0.5,0.05,0.05,5.0,12.0
r3-confirm-r2376,2376,0.0,1.0,1.0,0.5,1.0,0.041666666666666664,0.09090909090909091,2.0,11.0
r3-confirm-r2377,2377,0.0,0.5,0.5,0.5,0.5,0.045454545454545456,0.045454545454545456,3.0,12.0
r3-confirm-r2378,2378,0.0,0.5,0.5,0.0,0.5,0.0,0.045454545454545456,2.5,13.0
r3-confirm-r2379,2379,0.0,0.5,0.5,0.0,0.5,0.0,0.045454545454545456,2.0,11.5
r3-confirm-r2380,2380,0.0,1.0,1.0,0.0,1.0,0.0,0.09090909090909091,3.5,13.0
r3-confirm-r2381,2381,0.0,0.5,0.5,0.5,1.0,0.05,0.1,4.0,13.0
r3-confirm-r2382,2382,0.0,1.0,1.0,0.0,1.0,0.0,0.17424242424242425,2.0,11.0
r3-confirm-r2383,2383,0.5,0.0,-0.5,0.5,0.0,0.045454545454545456,0.0,6.0,10.0
r3-confirm-r2384,2384,0.0,1.0,1.0,0.5,1.0,0.041666666666666664,0.09090909090909091,2.0,11.0
r3-confirm-r2385,2385,0.0,1.0,1.0,0.0,1.0,0.0,0.09090909090909091,2.0,12.5
r3-confirm-r2386,2386,0.0,0.5,0.5,0.5,0.5,0.041666666666666664,0.045454545454545456,2.0,11.0
r3-confirm-r2387,2387,0.0,0.5,0.5,0.5,1.0,0.09090909090909091,0.09090909090909091,2.0,12.0
r3-confirm-r2388,2388,0.0,0.0,0.0,0.5,0.0,0.041666666666666664,0.0,2.0,10.0
r3-confirm-r2389,2389,0.0,0.5,0.5,0.5,0.5,0.09090909090909091,0.05,1.0,15.0
r3-confirm-r2390,2390,0.0,1.0,1.0,1.0,1.0,0.09090909090909091,0.09090909090909091,3.0,10.5
r3-confirm-r2391,2391,0.0,0.5,0.5,0.5,0.5,0.041666666666666664,0.045454545454545456,2.0,10.5
r3-confirm-r2392,2392,0.0,0.5,0.5,0.0,0.5,0.0,0.045454545454545456,1.0,12.0
r3-confirm-r2393,2393,0.0,1.0,1.0,0.0,1.0,0.0,0.09090909090909091,2.0,12.0
r3-confirm-r2394,2394,0.0,1.0,1.0,0.5,1.0,0.045454545454545456,0.09090909090909091,2.0,13.0
r3-confirm-r2395,2395,0.0,1.0,1.0,1.0,1.0,0.12878787878787878,0.09090909090909091,1.5,12.5
r3-confirm-r2396,2396,0.0,1.0,1.0,0.5,1.0,0.045454545454545456,0.12878787878787878,2.0,14.5
r3-confirm-r2397,2397,0.0,0.0,0.0,0.0,0.0,0.0,0.0,4.0,12.0
r3-confirm-r2398,2398,0.0,1.0,1.0,0.0,1.0,0.0,0.09090909090909091,3.5,11.0
r3-confirm-r2399,2399,0.0,1.0,1.0,0.5,1.0,0.041666666666666664,0.09545454545454546,1.0,13.0
r3-confirm-r2400,2400,0.0,0.5,0.5,0.0,1.0,0.0,0.14090909090909093,3.5,12.0
r3-confirm-r2401,2401,0.0,0.0,0.0,0.0,0.5,0.0,0.045454545454545456,3.0,10.5
r3-confirm-r2402,2402,0.0,1.0,1.0,0.5,1.0,0.041666666666666664,0.09090909090909091,2.0,12.0
r3-confirm-r2403,2403,0.0,0.0,0.0,0.0,0.0,0.0,0.0,3.5,10.0
r3-confirm-r2404,2404,0.0,1.0,1.0,0.5,1.0,0.08333333333333333,0.13636363636363635,2.5,9.0
r3-confirm-r2405,2405,0.0,0.5,0.5,0.0,0.5,0.0,0.045454545454545456,2.0,12.0
r3-confirm-r2406,2406,0.0,0.0,0.0,1.0,0.0,0.08712121212121213,0.0,2.0,11.5
r3-confirm-r2407,2407,0.0,1.0,1.0,0.0,1.0,0.0,0.09090909090909091,1.0,12.0
r3-confirm-r2408,2408,0.0,1.0,1.0,0.5,1.0,0.041666666666666664,0.09090909090909091,2.0,12.0
r3-confirm-r2409,2409,0.0,1.0,1.0,0.5,1.0,0.08333333333333333,0.09090909090909091,1.5,12.5
r3-confirm-r2410,2410,0.0,0.5,0.5,0.5,0.5,0.041666666666666664,0.041666666666666664,2.0,10.0
r3-confirm-r2411,2411,0.0,1.0,1.0,1.0,1.0,0.09090909090909091,0.13636363636363635,4.0,10.0
r3-confirm-r2412,2412,0.0,1.0,1.0,0.0,1.0,0.0,0.09090909090909091,2.0,9.0
r3-confirm-r2413,2413,0.0,0.5,0.5,0.0,0.5,0.0,0.045454545454545456,2.5,11.0
r3-confirm-r2414,2414,0.0,0.5,0.5,0.5,0.5,0.045454545454545456,0.045454545454545456,3.5,13.0
r3-confirm-r2415,2415,0.0,1.0,1.0,1.0,1.0,0.09090909090909091,0.09090909090909091,3.0,13.0
r3-confirm-r2416,2416,0.5,0.5,0.0,1.0,0.5,0.09090909090909091,0.045454545454545456,3.5,13.0
r3-confirm-r2417,2417,0.0,1.0,1.0,0.5,1.0,0.041666666666666664,0.09090909090909091,2.5,11.0
r3-confirm-r2418,2418,0.0,0.5,0.5,0.5,0.5,0.045454545454545456,0.045454545454545456,1.5,12.0
r3-confirm-r2419,2419,0.0,1.0,1.0,0.0,1.0,0.0,0.09090909090909091,2.5,12.0
r3-confirm-r2420,2420,0.0,1.0,1.0,0.5,1.0,0.045454545454545456,0.09090909090909091,2.5,10.0
r3-confirm-r2421,2421,0.0,1.0,1.0,0.5,1.0,0.045454545454545456,0.09090909090909091,4.5,11.0
r3-confirm-r2422,2422,0.0,1.0,1.0,0.5,1.0,0.045454545454545456,0.09090909090909091,2.5,13.0
r3-confirm-r2423,2423,0.0,0.5,0.5,0.0,0.5,0.0,0.045454545454545456,2.0,10.0
r3-confirm-r2424,2424,0.0,0.0,0.0,0.5,0.0,0.045454545454545456,0.0,1.5,11.0
r3-confirm-r2425,2425,0.0,0.5,0.5,0.5,0.5,0.045454545454545456,0.045454545454545456,3.0,11.0
r3-confirm-r2426,2426,0.0,0.5,0.5,0.0,0.5,0.0,0.09090909090909091,0.5,14.0
r3-confirm-r2427,2427,0.0,1.0,1.0,0.5,1.0,0.041666666666666664,0.08712121212121213,2.5,11.5
r3-confirm-r2428,2428,0.0,0.5,0.5,0.0,1.0,0.0,0.09090909090909091,3.5,12.0
r3-confirm-r2429,2429,0.0,0.0,0.0,1.0,0.5,0.08712121212121213,0.045454545454545456,0.5,13.0
r3-confirm-r2430,2430,0.0,0.5,0.5,0.5,0.5,0.041666666666666664,0.08333333333333333,2.5,9.0
r3-confirm-r2431,2431,0.0,1.0,1.0,0.0,1.0,0.0,0.09090909090909091,2.5,12.0
r3-confirm-r2432,2432,0.0,1.0,1.0,0.0,1.0,0.0,0.13636363636363635,3.0,11.0
r3-confirm-r2433,2433,0.0,1.0,1.0,0.0,1.0,0.0,0.09545454545454546,3.0,11.0
r3-confirm-r2434,2434,0.0,1.0,1.0,0.5,1.0,0.045454545454545456,0.09545454545454546,3.0,12.0
r3-confirm-r2435,2435,0.0,0.5,0.5,0.5,0.5,0.041666666666666664,0.045454545454545456,3.0,11.0
r3-confirm-r2436,2436,0.0,1.0,1.0,0.5,1.0,0.041666666666666664,0.17424242424242425,3.0,11.0
r3-confirm-r2437,2437,0.0,0.5,0.5,0.0,0.5,0.0,0.045454545454545456,4.0,13.0
r3-confirm-r2438,2438,0.0,0.5,0.5,0.5,0.5,0.045454545454545456,0.045454545454545456,3.0,10.5
r3-confirm-r2439,2439,0.0,0.0,0.0,0.5,0.0,0.045454545454545456,0.0,3.5,10.0
r3-confirm-r2440,2440,0.0,0.5,0.5,1.0,0.5,0.08712121212121213,0.045454545454545456,1.5,11.0
r3-confirm-r2441,2441,0.0,0.0,0.0,0.5,0.0,0.045454545454545456,0.0,3.0,8.5
r3-confirm-r2442,2442,0.0,0.5,0.5,0.0,0.5,0.0,0.045454545454545456,2.0,10.0
r3-confirm-r2443,2443,0.0,1.0,1.0,0.5,1.0,0.041666666666666664,0.09090909090909091,2.5,12.0
r3-confirm-r2444,2444,0.0,0.0,0.0,0.0,0.0,0.0,0.0,2.0,10.0
r3-confirm-r2445,2445,0.0,0.5,0.5,0.5,0.5,0.045454545454545456,0.045454545454545456,2.5,12.0
r3-confirm-r2446,2446,0.0,1.0,1.0,0.5,1.0,0.045454545454545456,0.13636363636363635,2.5,11.0
r3-confirm-r2447,2447,0.0,1.0,1.0,1.0,1.0,0.09090909090909091,0.09545454545454546,2.5,13.0
r3-confirm-r2448,2448,0.0,1.0,1.0,0.0,1.0,0.0,0.13636363636363635,4.0,11.0
r3-confirm-r2449,2449,0.0,1.0,1.0,0.0,1.0,0.0,0.08712121212121213,2.0,12.0
r3-confirm-r2450,2450,0.0,0.5,0.5,0.0,0.5,0.0,0.045454545454545456,3.5,9.0
r3-confirm-r2451,2451,0.0,1.0,1.0,0.0,1.0,0.0,0.13636363636363635,2.0,12.0
r3-confirm-r2452,2452,0.0,1.0,1.0,0.5,1.0,0.05,0.15000000000000002,3.5,16.0
r3-confirm-r2453,2453,0.0,0.5,0.5,0.5,0.5,0.045454545454545456,0.045454545454545456,2.0,11.5
r3-confirm-r2454,2454,0.0,1.0,1.0,0.5,1.0,0.045454545454545456,0.09090909090909091,5.5,11.5
r3-confirm-r2455,2455,0.0,0.5,0.5,0.5,0.5,0.045454545454545456,0.045454545454545456,3.0,13.0
r3-confirm-r2456,2456,0.0,1.0,1.0,0.0,1.0,0.0,0.12878787878787878,3.0,11.0
r3-confirm-r2457,2457,0.0,0.5,0.5,1.0,0.5,0.09090909090909091,0.045454545454545456,3.5,12.0
r3-confirm-r2458,2458,0.0,1.0,1.0,0.0,1.0,0.0,0.09090909090909091,2.0,10.5
r3-confirm-r2459,2459,0.0,1.0,1.0,0.0,1.0,0.0,0.09090909090909091,2.5,14.0
r3-confirm-r2460,2460,0.0,1.0,1.0,0.0,1.0,0.0,0.09545454545454546,2.5,11.0
r3-confirm-r2461,2461,0.0,1.0,1.0,0.5,1.0,0.041666666666666664,0.15000000000000002,1.5,15.0
r3-confirm-r2462,2462,0.0,0.0,0.0,0.0,0.0,0.0,0.0,4.0,13.0
r3-confirm-r2463,2463,0.0,1.0,1.0,0.5,1.0,0.05,0.09090909090909091,3.0,13.0
r3-confirm-r2464,2464,0.0,0.5,0.5,1.0,0.5,0.08333333333333333,0.08333333333333333,2.0,9.0
r3-confirm-r2465,2465,0.0,1.0,1.0,0.0,1.0,0.0,0.09090909090909091,2.0,12.0
r3-confirm-r2466,2466,0.0,1.0,1.0,0.0,1.0,0.0,0.09090909090909091,4.0,11.0
r3-confirm-r2467,2467,0.0,1.0,1.0,0.0,1.0,0.0,0.1,0.5,14.0
r3-confirm-r2468,2468,0.0,1.0,1.0,0.0,1.0,0.0,0.09545454545454546,1.0,12.0
r3-confirm-r2469,2469,0.0,0.5,0.5,0.5,0.5,0.041666666666666664,0.045454545454545456,3.0,10.0
r3-confirm-r2470,2470,0.0,0.5,0.5,0.5,1.0,0.045454545454545456,0.09090909090909091,3.0,11.0
r3-confirm-r2471,2471,0.0,1.0,1.0,0.5,1.0,0.045454545454545456,0.1,2.0,14.0
r3-confirm-r2472,2472,0.0,1.0,1.0,0.0,1.0,0.0,0.09090909090909091,1.0,12.0
r3-confirm-r2473,2473,0.0,0.5,0.5,0.5,0.5,0.041666666666666664,0.045454545454545456,2.0,11.0
r3-confirm-r2474,2474,0.0,0.5,0.5,0.5,0.5,0.041666666666666664,0.045454545454545456,0.5,12.0
r3-confirm-r2475,2475,0.0,0.5,0.5,0.0,0.5,0.0,0.05,2.5,12.5
r3-confirm-r2476,2476,0.0,1.0,1.0,0.5,1.0,0.041666666666666664,0.12878787878787878,3.0,10.0
r3-confirm-r2477,2477,0.0,1.0,1.0,0.0,1.0,0.0,0.09090909090909091,2.0,11.0
r3-confirm-r2478,2478,0.0,1.0,1.0,0.0,1.0,0.0,0.09545454545454546,2.5,14.0
r3-confirm-r2479,2479,0.0,0.5,0.5,0.0,0.5,0.0,0.09090909090909091,4.0,11.0
r3-confirm-r2480,2480,0.0,1.0,1.0,1.0,1.0,0.09090909090909091,0.13636363636363635,2.0,14.0
r3-confirm-r2481,2481,0.0,1.0,1.0,0.0,1.0,0.0,0.09090909090909091,3.5,12.0
r3-confirm-r2482,2482,0.0,1.0,1.0,0.0,1.0,0.0,0.09090909090909091,2.0,10.5
r3-confirm-r2483,2483,0.0,0.5,0.5,0.0,1.0,0.0,0.12878787878787878,3.5,10.0
r3-confirm-r2484,2484,0.0,1.0,1.0,0.5,1.0,0.041666666666666664,0.09090909090909091,0.5,13.0
r3-confirm-r2485,2485,0.0,1.0,1.0,0.5,1.0,0.09090909090909091,0.13636363636363635,2.0,14.0
r3-confirm-r2486,2486,0.0,1.0,1.0,0.5,1.0,0.045454545454545456,0.09090909090909091,2.0,15.0
r3-confirm-r2487,2487,0.0,1.0,1.0,0.0,1.0,0.0,0.09090909090909091,4.0,11.0
r3-confirm-r2488,2488,0.0,0.5,0.5,0.5,1.0,0.045454545454545456,0.09090909090909091,3.5,9.0
r3-confirm-r2489,2489,0.0,1.0,1.0,0.5,1.0,0.045454545454545456,0.09090909090909091,2.0,11.0
r3-confirm-r2490,2490,0.0,0.5,0.5,0.5,0.5,0.045454545454545456,0.045454545454545456,2.5,12.0
r3-confirm-r2491,2491,0.0,1.0,1.0,0.5,1.0,0.045454545454545456,0.1,2.0,14.0
r3-confirm-r2492,2492,0.0,0.5,0.5,0.0,0.5,0.0,0.045454545454545456,2.5,12.0
r3-confirm-r2493,2493,0.0,0.5,0.5,0.0,0.5,0.0,0.045454545454545456,2.0,13.0
r3-confirm-r2494,2494,0.0,1.0,1.0,0.0,1.0,0.0,0.09090909090909091,3.5,11.0
r3-confirm-r2495,2495,0.0,1.0,1.0,1.0,1.0,0.09090909090909091,0.09090909090909091,1.0,13.5
r3-confirm-r2496,2496,0.0,0.0,0.0,0.0,0.5,0.0,0.05,3.0,11.0
r3-confirm-r2497,2497,0.0,0.5,0.5,0.0,0.5,0.0,0.045454545454545456,3.5,11.0
r3-confirm-r2498,2498,0.0,1.0,1.0,0.0,1.0,0.0,0.09090909090909091,1.5,11.0
r3-confirm-r2499,2499,0.0,1.0,1.0,0.5,1.0,0.041666666666666664,0.17045454545454547,2.5,10.0
r3-confirm-r2500,2500,0.0,0.0,0.0,0.5,0.0,0.041666666666666664,0.0,3.0,10.0
r3-confirm-r2501,2501,0.0,1.0,1.0,0.5,1.0,0.045454545454545456,0.13636363636363635,3.5,11.0
r3-confirm-r2502,2502,0.0,1.0,1.0,0.5,1.0,0.08333333333333333,0.14090909090909093,0.5,14.0
r3-confirm-r2503,2503,0.0,1.0,1.0,0.5,1.0,0.041666666666666664,0.08712121212121213,3.0,9.0
r3-confirm-r2504,2504,0.0,1.0,1.0,1.0,1.0,0.125,0.09090909090909091,2.0,12.0
r3-confirm-r2505,2505,0.0,0.5,0.5,0.0,0.5,0.0,0.041666666666666664,4.0,10.0
r3-confirm-r2506,2506,0.0,1.0,1.0,1.0,1.0,0.08333333333333333,0.08712121212121213,2.5,10.0
r3-confirm-r2507,2507,0.0,0.0,0.0,0.5,0.0,0.041666666666666664,0.0,3.0,10.0
r3-confirm-r2508,2508,0.0,0.5,0.5,1.0,1.0,0.08333333333333333,0.09545454545454546,1.5,11.0
r3-confirm-r2509,2509,0.5,1.0,0.5,1.0,1.0,0.09090909090909091,0.09090909090909091,3.0,13.0
r3-confirm-r2510,2510,0.0,0.0,0.0,0.0,0.0,0.0,0.0,1.5,10.0
r3-confirm-r2511,2511,0.0,1.0,1.0,0.5,1.0,0.05,0.1,3.5,15.0
r3-confirm-r2512,2512,0.0,0.5,0.5,0.0,1.0,0.0,0.09090909090909091,1.5,11.0
r3-confirm-r2513,2513,0.0,1.0,1.0,0.5,1.0,0.041666666666666664,0.13636363636363635,3.0,12.0
r3-confirm-r2514,2514,0.0,1.0,1.0,0.0,1.0,0.0,0.13636363636363635,3.0,13.0
r3-confirm-r2515,2515,0.0,0.0,0.0,0.0,0.0,0.0,0.0,7.0,13.0
r3-confirm-r2516,2516,0.0,0.5,0.5,0.0,0.5,0.0,0.045454545454545456,2.5,10.0
r3-confirm-r2517,2517,0.0,1.0,1.0,0.0,1.0,0.0,0.09090909090909091,1.5,13.0
r3-confirm-r2518,2518,0.0,1.0,1.0,1.0,1.0,0.09090909090909091,0.09090909090909091,3.0,13.0
r3-confirm-r2519,2519,0.0,0.5,0.5,0.5,0.5,0.041666666666666664,0.05,1.5,11.5
r3-confirm-r2520,2520,0.0,1.0,1.0,0.5,1.0,0.08333333333333333,0.09090909090909091,1.5,11.0
r3-confirm-r2521,2521,0.0,1.0,1.0,0.0,1.0,0.0,0.09090909090909091,2.0,12.0
r3-confirm-r2522,2522,0.0,0.5,0.5,0.0,0.5,0.0,0.041666666666666664,4.0,9.0
r3-confirm-r2523,2523,0.0,0.5,0.5,0.5,0.5,0.045454545454545456,0.05,1.0,14.0
r3-confirm-r2524,2524,0.0,1.0,1.0,0.0,1.0,0.0,0.12878787878787878,2.0,11.5
r3-confirm-r2525,2525,0.0,0.5,0.5,0.5,1.0,0.041666666666666664,0.09090909090909091,3.5,10.0
r3-confirm-r2526,2526,0.0,0.0,0.0,0.0,0.0,0.0,0.0,3.0,9.0
r3-confirm-r2527,2527,0.0,1.0,1.0,0.0,1.0,0.0,0.09090909090909091,2.5,11.5
r3-confirm-r2528,2528,0.0,0.5,0.5,0.0,0.5,0.0,0.045454545454545456,2.0,12.0
r3-confirm-r2529,2529,0.0,1.0,1.0,1.0,1.0,0.09090909090909091,0.08712121212121213,1.5,14.0
r3-confirm-r2530,2530,0.0,1.0,1.0,0.0,1.0,0.0,0.14545454545454545,3.0,14.5
r3-confirm-r2531,2531,0.0,1.0,1.0,0.5,1.0,0.045454545454545456,0.09090909090909091,2.0,14.0
r3-confirm-r2532,2532,0.0,1.0,1.0,0.5,1.0,0.041666666666666664,0.09090909090909091,1.0,12.5
r3-confirm-r2533,2533,0.0,0.5,0.5,0.5,1.0,0.041666666666666664,0.09090909090909091,2.0,11.0
r3-confirm-r2534,2534,0.0,1.0,1.0,0.0,1.0,0.0,0.09090909090909091,4.0,11.0
r3-confirm-r2535,2535,0.0,0.5,0.5,0.5,0.5,0.05,0.045454545454545456,2.5,12.0
r3-confirm-r2536,2536,0.0,0.0,0.0,0.0,0.5,0.0,0.05,4.0,10.0
r3-confirm-r2537,2537,0.0,0.0,0.0,0.0,0.0,0.0,0.0,2.0,11.5
r3-confirm-r2538,2538,0.0,1.0,1.0,0.0,1.0,0.0,0.13636363636363635,2.5,11.5
r3-confirm-r2539,2539,0.0,1.0,1.0,0.5,1.0,0.045454545454545456,0.09090909090909091,2.0,10.0
r3-confirm-r2540,2540,0.0,0.5,0.5,0.5,0.5,0.041666666666666664,0.045454545454545456,2.5,12.5
r3-confirm-r2541,2541,0.0,0.0,0.0,1.0,0.5,0.09090909090909091,0.05,5.0,11.0
r3-confirm-r2542,2542,0.0,0.0,0.0,0.5,0.0,0.045454545454545456,0.0,4.0,10.0
r3-confirm-r2543,2543,0.0,1.0,1.0,0.5,1.0,0.041666666666666664,0.09090909090909091,3.5,10.0
r3-confirm-r2544,2544,0.0,1.0,1.0,1.0,1.0,0.09090909090909091,0.09090909090909091,2.0,12.0
r3-confirm-r2545,2545,0.0,1.0,1.0,0.0,1.0,0.0,0.09090909090909091,2.0,11.0
r3-confirm-r2546,2546,0.0,0.0,0.0,0.0,0.5,0.0,0.05,4.5,12.0
r3-confirm-r2547,2547,0.0,0.5,0.5,0.5,0.5,0.045454545454545456,0.09090909090909091,2.0,12.0
r3-confirm-r2548,2548,0.0,1.0,1.0,0.5,1.0,0.041666666666666664,0.08712121212121213,1.0,11.0
r3-confirm-r2549,2549,0.0,0.5,0.5,0.5,1.0,0.041666666666666664,0.09090909090909091,2.0,11.0
r3-confirm-r2550,2550,0.0,1.0,1.0,0.0,1.0,0.0,0.09090909090909091,2.0,12.0
r3-confirm-r2551,2551,0.0,1.0,1.0,0.5,1.0,0.045454545454545456,0.09545454545454546,2.0,14.0
r3-confirm-r2552,2552,0.0,0.0,0.0,0.5,0.0,0.041666666666666664,0.0,1.5,12.0
r3-confirm-r2553,2553,0.0,1.0,1.0,0.5,1.0,0.045454545454545456,0.09090909090909091,3.5,10.0
r3-confirm-r2554,2554,0.0,0.0,0.0,0.0,0.0,0.0,0.0,3.5,10.0
r3-confirm-r2555,2555,0.0,0.5,0.5,0.5,0.5,0.041666666666666664,0.045454545454545456,2.0,10.0
r3-confirm-r2556,2556,0.0,1.0,1.0,0.5,1.0,0.045454545454545456,0.09545454545454546,3.0,13.0
r3-confirm-r2557,2557,0.0,0.5,0.5,0.5,1.0,0.045454545454545456,0.13636363636363635,3.0,10.0
r3-confirm-r2558,2558,0.0,0.5,0.5,0.0,0.5,0.0,0.045454545454545456,3.0,10.0
r3-confirm-r2559,2559,0.0,1.0,1.0,0.5,1.0,0.041666666666666664,0.08712121212121213,3.5,9.0
r3-confirm-r2560,2560,0.0,0.5,0.5,0.0,0.5,0.0,0.045454545454545456,4.0,8.5
r3-confirm-r2561,2561,0.0,1.0,1.0,0.5,1.0,0.05,0.13636363636363635,4.0,11.0
r3-confirm-r2562,2562,0.0,1.0,1.0,0.5,1.0,0.05,0.1,4.0,14.0
r3-confirm-r2563,2563,0.0,0.0,0.0,0.0,1.0,0.0,0.09090909090909091,4.0,9.0
r3-confirm-r2564,2564,0.0,0.5,0.5,0.0,0.5,0.0,0.05,2.0,14.0
r3-confirm-r2565,2565,0.0,0.5,0.5,0.0,1.0,0.0,0.09090909090909091,2.0,10.0
r3-confirm-r2566,2566,0.0,1.0,1.0,1.0,1.0,0.09090909090909091,0.09545454545454546,2.0,14.0
r3-confirm-r2567,2567,0.0,0.5,0.5,1.0,0.5,0.08712121212121213,0.045454545454545456,3.0,10.0
r3-confirm-r2568,2568,0.5,0.5,0.0,1.0,0.5,0.09090909090909091,0.09090909090909091,4.5,10.0
r3-confirm-r2569,2569,0.0,0.0,0.0,1.0,0.0,0.09090909090909091,0.0,1.5,12.0
r3-confirm-r2570,2570,0.0,1.0,1.0,0.5,1.0,0.041666666666666664,0.09090909090909091,1.5,12.0
r3-confirm-r2571,2571,0.0,0.5,0.5,0.5,1.0,0.045454545454545456,0.13636363636363635,2.0,12.0
r3-confirm-r2572,2572,0.0,0.5,0.5,0.5,1.0,0.045454545454545456,0.09090909090909091,3.5,10.0
r3-confirm-r2573,2573,0.0,0.5,0.5,0.0,0.5,0.0,0.05,2.0,12.0
r3-confirm-r2574,2574,0.0,1.0,1.0,0.0,1.0,0.0,0.08712121212121213,3.5,9.0
r3-confirm-r2575,2575,0.0,1.0,1.0,1.0,1.0,0.09090909090909091,0.09545454545454546,4.0,12.0
r3-confirm-r2576,2576,0.0,1.0,1.0,0.0,1.0,0.0,0.09090909090909091,1.0,11.0
r3-confirm-r2577,2577,0.0,1.0,1.0,0.0,1.0,0.0,0.18181818181818182,1.5,13.5
r3-confirm-r2578,2578,0.0,1.0,1.0,0.0,1.0,0.0,0.08712121212121213,3.5,9.5
r3-confirm-r2579,2579,0.5,0.5,0.0,1.0,0.5,0.09090909090909091,0.045454545454545456,4.0,11.0
r3-confirm-r2580,2580,0.0,1.0,1.0,0.5,1.0,0.045454545454545456,0.09090909090909091,3.0,10.5
r3-confirm-r2581,2581,0.0,1.0,1.0,0.5,1.0,0.041666666666666664,0.12878787878787878,2.5,10.0
r3-confirm-r2582,2582,0.0,0.5,0.5,0.5,0.5,0.045454545454545456,0.045454545454545456,3.0,11.0
r3-confirm-r2583,2583,0.0,1.0,1.0,1.0,1.0,0.09090909090909091,0.09090909090909091,3.0,11.0
r3-confirm-r2584,2584,0.0,0.5,0.5,0.0,0.5,0.0,0.045454545454545456,2.0,10.0
r3-confirm-r2585,2585,0.0,1.0,1.0,0.0,1.0,0.0,0.09090909090909091,2.5,12.0
r3-confirm-r2586,2586,0.0,0.0,0.0,0.5,0.5,0.045454545454545456,0.045454545454545456,2.0,9.0
r3-confirm-r2587,2587,0.0,1.0,1.0,0.5,1.0,0.041666666666666664,0.08712121212121213,2.5,11.0
r3-confirm-r2588,2588,0.0,1.0,1.0,0.5,1.0,0.045454545454545456,0.13636363636363635,2.0,14.0
r3-confirm-r2589,2589,0.0,0.5,0.5,0.0,0.5,0.0,0.09090909090909091,1.0,11.0
r3-confirm-r2590,2590,0.0,1.0,1.0,0.5,1.0,0.041666666666666664,0.12878787878787878,2.0,9.0
r3-confirm-r2591,2591,0.0,0.5,0.5,0.0,0.5,0.0,0.045454545454545456,3.0,10.0
r3-confirm-r2592,2592,0.0,0.5,0.5,0.5,0.5,0.045454545454545456,0.045454545454545456,3.0,14.0
r3-confirm-r2593,2593,0.0,0.5,0.5,0.5,0.5,0.045454545454545456,0.045454545454545456,2.0,13.0
r3-confirm-r2594,2594,0.0,0.5,0.5,0.5,0.5,0.045454545454545456,0.045454545454545456,2.0,10.0
r3-confirm-r2595,2595,0.0,1.0,1.0,0.5,1.0,0.045454545454545456,0.09090909090909091,3.5,12.0
r3-confirm-r2596,2596,0.0,0.5,0.5,0.0,0.5,0.0,0.041666666666666664,3.0,10.0
r3-confirm-r2597,2597,0.0,1.0,1.0,0.5,1.0,0.041666666666666664,0.09090909090909091,0.5,13.0
r3-confirm-r2598,2598,0.0,0.5,0.5,1.0,0.5,0.125,0.045454545454545456,3.0,10.0
r3-confirm-r2599,2599,0.0,1.0,1.0,0.5,1.0,0.045454545454545456,0.09090909090909091,2.5,12.0
r3-confirm-r2600,2600,0.0,0.5,0.5,0.0,0.5,0.0,0.08333333333333333,2.5,11.0
r3-confirm-r2601,2601,0.0,1.0,1.0,1.0,1.0,0.09090909090909091,0.13636363636363635,3.0,12.0
r3-confirm-r2602,2602,0.0,1.0,1.0,0.5,1.0,0.041666666666666664,0.08712121212121213,1.0,12.5
r3-confirm-r2603,2603,0.0,0.0,0.0,0.5,1.0,0.041666666666666664,0.09090909090909091,2.0,10.0
r3-confirm-r2604,2604,0.0,1.0,1.0,0.0,1.0,0.0,0.09090909090909091,2.0,11.0
r3-confirm-r2605,2605,0.0,0.5,0.5,0.0,0.5,0.0,0.045454545454545456,2.0,12.0
r3-confirm-r2606,2606,0.0,0.5,0.5,0.0,1.0,0.0,0.09090909090909091,2.5,11.0
r3-confirm-r2607,2607,0.0,0.5,0.5,0.0,0.5,0.0,0.045454545454545456,4.5,10.0
r3-confirm-r2608,2608,0.0,0.5,0.5,0.5,1.0,0.041666666666666664,0.08712121212121213,1.5,10.0
r3-confirm-r2609,2609,0.0,0.5,0.5,0.5,0.5,0.045454545454545456,0.045454545454545456,3.0,13.0
r3-confirm-r2610,2610,0.0,1.0,1.0,0.0,1.0,0.0,0.09090909090909091,3.0,11.0
r3-confirm-r2611,2611,0.0,0.0,0.0,0.0,0.0,0.0,0.0,2.5,9.0
r3-confirm-r2612,2612,0.0,1.0,1.0,0.0,1.0,0.0,0.18181818181818182,4.0,12.0
r3-confirm-r2613,2613,0.0,1.0,1.0,0.0,1.0,0.0,0.09090909090909091,3.5,11.0
r3-confirm-r2614,2614,0.0,0.0,0.0,0.0,0.0,0.0,0.0,2.0,11.0
r3-confirm-r2615,2615,0.0,1.0,1.0,0.5,1.0,0.041666666666666664,0.09090909090909091,2.0,12.0
r3-confirm-r2616,2616,0.0,1.0,1.0,0.0,1.0,0.0,0.13636363636363635,1.0,11.0
r3-confirm-r2617,2617,0.0,1.0,1.0,0.0,1.0,0.0,0.1,3.0,15.0
r3-confirm-r2618,2618,0.0,0.5,0.5,0.5,0.5,0.045454545454545456,0.045454545454545456,4.0,10.0
r3-confirm-r2619,2619,0.0,0.5,0.5,0.5,1.0,0.05,0.14090909090909093,3.0,14.0
r3-confirm-r2620,2620,0.0,0.5,0.5,1.0,0.5,0.08712121212121213,0.045454545454545456,2.0,13.0
r3-confirm-r2621,2621,0.0,0.5,0.5,0.5,0.5,0.041666666666666664,0.045454545454545456,2.5,11.0
r3-confirm-r2622,2622,0.0,1.0,1.0,0.0,1.0,0.0,0.09090909090909091,2.0,11.0
r3-confirm-r2623,2623,0.0,1.0,1.0,0.0,1.0,0.0,0.09090909090909091,2.5,12.0
r3-confirm-r2624,2624,0.0,0.5,0.5,0.0,0.5,0.0,0.041666666666666664,2.5,11.0
r3-confirm-r2625,2625,0.0,1.0,1.0,0.0,1.0,0.0,0.13257575757575757,1.0,12.5
r3-confirm-r2626,2626,0.0,0.5,0.5,0.0,0.5,0.0,0.045454545454545456,3.5,10.0
r3-confirm-r2627,2627,0.0,1.0,1.0,0.5,1.0,0.045454545454545456,0.13636363636363635,3.0,14.0
r3-confirm-r2628,2628,0.0,1.0,1.0,0.0,1.0,0.0,0.08712121212121213,3.0,12.0
r3-confirm-r2629,2629,0.0,1.0,1.0,0.0,1.0,0.0,0.08712121212121213,3.5,11.0
r3-confirm-r2630,2630,0.0,1.0,1.0,0.5,1.0,0.041666666666666664,0.09090909090909091,0.5,13.0
r3-confirm-r2631,2631,0.0,1.0,1.0,0.0,1.0,0.0,0.08333333333333333,2.5,12.0
r3-confirm-r2632,2632,0.0,1.0,1.0,0.5,1.0,0.041666666666666664,0.09090909090909091,1.0,13.0
r3-confirm-r2633,2633,0.0,0.0,0.0,0.5,0.5,0.041666666666666664,0.045454545454545456,2.5,9.0
r3-confirm-r2634,2634,0.0,1.0,1.0,0.5,1.0,0.041666666666666664,0.12878787878787878,3.0,10.0
r3-confirm-r2635,2635,0.0,0.0,0.0,0.0,0.5,0.0,0.045454545454545456,1.0,10.0
r3-confirm-r2636,2636,0.0,1.0,1.0,0.5,1.0,0.045454545454545456,0.12878787878787878,1.5,13.0
r3-confirm-r2637,2637,0.0,0.5,0.5,0.0,0.5,0.0,0.08333333333333333,3.0,10.0
r3-confirm-r2638,2638,0.0,1.0,1.0,0.5,1.0,0.045454545454545456,0.09090909090909091,3.5,11.0
r3-confirm-r2639,2639,0.0,0.5,0.5,0.5,0.5,0.041666666666666664,0.045454545454545456,2.0,10.0
r3-confirm-r2640,2640,0.0,0.0,0.0,0.5,0.5,0.045454545454545456,0.05,2.0,10.0
r3-confirm-r2641,2641,0.0,1.0,1.0,0.0,1.0,0.0,0.09090909090909091,2.5,11.5
r3-confirm-r2642,2642,0.0,0.5,0.5,0.5,0.5,0.045454545454545456,0.045454545454545456,2.5,14.0
r3-confirm-r2643,2643,0.0,1.0,1.0,0.5,1.0,0.045454545454545456,0.12878787878787878,4.0,9.0
r3-confirm-r2644,2644,0.0,0.5,0.5,0.5,0.5,0.08333333333333333,0.045454545454545456,3.5,9.5
r3-confirm-r2645,2645,0.0,1.0,1.0,0.0,1.0,0.0,0.09090909090909091,3.0,11.0
r3-confirm-r2646,2646,0.0,0.0,0.0,0.0,0.0,0.0,0.0,4.0,8.0
r3-confirm-r2647,2647,0.0,1.0,1.0,0.5,1.0,0.041666666666666664,0.09090909090909091,1.0,10.0
r3-confirm-r2648,2648,0.0,1.0,1.0,0.5,1.0,0.045454545454545456,0.09090909090909091,4.0,11.0
r3-confirm-r2649,2649,0.0,1.0,1.0,0.5,1.0,0.045454545454545456,0.09545454545454546,2.0,12.5
r3-confirm-r2650,2650,0.0,0.5,0.5,0.5,0.5,0.041666666666666664,0.08333333333333333,1.5,12.0
r3-confirm-r2651,2651,0.0,1.0,1.0,0.5,1.0,0.045454545454545456,0.14090909090909093,1.5,15.0
r3-confirm-r2652,2652,0.0,1.0,1.0,0.0,1.0,0.0,0.09090909090909091,2.0,13.0
r3-confirm-r2653,2653,0.0,0.5,0.5,0.5,0.5,0.041666666666666664,0.045454545454545456,2.5,11.0
r3-confirm-r2654,2654,0.0,1.0,1.0,0.0,1.0,0.0,0.08333333333333333,3.0,9.5
r3-confirm-r2655,2655,0.0,0.5,0.5,0.0,1.0,0.0,0.09090909090909091,2.5,12.5
r3-confirm-r2656,2656,0.0,0.5,0.5,0.0,0.5,0.0,0.041666666666666664,2.0,12.0
r3-confirm-r2657,2657,0.0,1.0,1.0,0.5,1.0,0.045454545454545456,0.09545454545454546,1.5,14.0
r3-confirm-r2658,2658,0.0,1.0,1.0,0.0,1.0,0.0,0.09545454545454546,2.0,17.0
r3-confirm-r2659,2659,0.0,1.0,1.0,0.5,1.0,0.045454545454545456,0.13636363636363635,2.0,12.0
r3-confirm-r2660,2660,0.0,0.5,0.5,1.0,0.5,0.08333333333333333,0.041666666666666664,2.5,11.0
r3-confirm-r2661,2661,0.0,0.5,0.5,0.5,0.5,0.045454545454545456,0.045454545454545456,1.5,12.0
r3-confirm-r2662,2662,0.0,0.0,0.0,0.0,0.0,0.0,0.0,3.5,10.0
r3-confirm-r2663,2663,0.0,0.0,0.0,0.0,0.0,0.0,0.0,3.5,10.0
r3-confirm-r2664,2664,0.0,1.0,1.0,0.0,1.0,0.0,0.09090909090909091,2.5,10.0
r3-confirm-r2665,2665,0.0,0.5,0.5,0.5,0.5,0.045454545454545456,0.045454545454545456,3.5,13.0
r3-confirm-r2666,2666,0.0,0.5,0.5,0.5,0.5,0.041666666666666664,0.045454545454545456,0.0,13.0
r3-confirm-r2667,2667,0.0,1.0,1.0,0.0,1.0,0.0,0.14090909090909093,2.5,12.5
r3-confirm-r2668,2668,0.0,1.0,1.0,0.5,1.0,0.045454545454545456,0.09090909090909091,3.0,10.0
r3-confirm-r2669,2669,0.0,0.0,0.0,0.0,0.5,0.0,0.045454545454545456,3.0,10.0
r3-confirm-r2670,2670,0.0,0.5,0.5,0.5,0.5,0.045454545454545456,0.045454545454545456,1.0,12.0
r3-confirm-r2671,2671,0.0,1.0,1.0,0.0,1.0,0.0,0.09545454545454546,1.5,14.0
r3-confirm-r2672,2672,0.0,1.0,1.0,0.0,1.0,0.0,0.09090909090909091,2.0,12.0
r3-confirm-r2673,2673,0.0,1.0,1.0,0.5,1.0,0.045454545454545456,0.09090909090909091,2.0,12.5
r3-confirm-r2674,2674,0.0,0.0,0.0,0.0,0.5,0.0,0.05,2.5,11.0
r3-confirm-r2675,2675,0.0,0.5,0.5,0.5,0.5,0.041666666666666664,0.041666666666666664,2.5,10.0
r3-confirm-r2676,2676,0.0,1.0,1.0,0.5,1.0,0.09090909090909091,0.09090909090909091,4.5,10.0
r3-confirm-r2677,2677,0.0,1.0,1.0,1.0,1.0,0.09090909090909091,0.09090909090909091,4.0,9.0
r3-confirm-r2678,2678,0.0,0.0,0.0,0.5,0.5,0.05,0.05,4.0,14.0
r3-confirm-r2679,2679,0.0,1.0,1.0,0.0,1.0,0.0,0.09090909090909091,3.0,11.0
r3-confirm-r2680,2680,0.0,0.5,0.5,0.0,0.5,0.0,0.05,5.5,12.0
r3-confirm-r2681,2681,0.0,1.0,1.0,0.5,1.0,0.041666666666666664,0.08712121212121213,2.0,10.0
r3-confirm-r2682,2682,0.0,1.0,1.0,0.5,1.0,0.045454545454545456,0.17424242424242425,1.5,13.0
r3-confirm-r2683,2683,0.0,0.5,0.5,0.5,0.5,0.041666666666666664,0.08333333333333333,2.5,10.0
r3-confirm-r2684,2684,0.0,0.5,0.5,0.0,1.0,0.0,0.09090909090909091,2.0,12.0
r3-confirm-r2685,2685,0.0,1.0,1.0,0.0,1.0,0.0,0.18181818181818182,2.0,13.0
r3-confirm-r2686,2686,0.0,0.5,0.5,0.5,1.0,0.041666666666666664,0.08712121212121213,2.0,10.5
r3-confirm-r2687,2687,0.0,0.5,0.5,0.0,0.5,0.0,0.1,3.0,12.5
r3-confirm-r2688,2688,0.0,0.5,0.5,0.0,0.5,0.0,0.041666666666666664,3.0,11.0
r3-confirm-r2689,2689,0.0,1.0,1.0,0.5,1.0,0.041666666666666664,0.18181818181818182,1.0,14.0
r3-confirm-r2690,2690,0.0,0.5,0.5,0.0,0.5,0.0,0.041666666666666664,3.0,10.0
r3-confirm-r2691,2691,0.0,1.0,1.0,0.5,1.0,0.041666666666666664,0.09090909090909091,2.5,11.0
r3-confirm-r2692,2692,0.0,0.5,0.5,0.0,1.0,0.0,0.09545454545454546,1.0,12.0
r3-confirm-r2693,2693,0.0,0.5,0.5,0.5,0.5,0.041666666666666664,0.045454545454545456,3.0,14.0
r3-confirm-r2694,2694,0.0,1.0,1.0,0.0,1.0,0.0,0.09545454545454546,2.5,13.0
r3-confirm-r2695,2695,0.0,1.0,1.0,0.5,1.0,0.045454545454545456,0.13636363636363635,4.5,14.0
r3-confirm-r2696,2696,0.0,1.0,1.0,1.0,1.0,0.08333333333333333,0.13636363636363635,1.5,12.0
r3-confirm-r2697,2697,0.0,0.0,0.0,0.0,0.0,0.0,0.0,3.0,12.0
r3-confirm-r2698,2698,0.0,1.0,1.0,0.0,1.0,0.0,0.13636363636363635,1.0,12.0
r3-confirm-r2699,2699,0.5,0.5,0.0,0.5,0.5,0.08333333333333333,0.08333333333333333,3.0,10.5
r3-confirm-r2700,2700,0.0,0.5,0.5,1.0,1.0,0.09090909090909091,0.1,2.0,12.0
r3-confirm-r2701,2701,0.0,1.0,1.0,0.0,1.0,0.0,0.08712121212121213,3.0,10.0
r3-confirm-r2702,2702,0.0,0.5,0.5,0.5,0.5,0.041666666666666664,0.045454545454545456,3.0,10.0
r3-confirm-r2703,2703,0.0,1.0,1.0,1.0,1.0,0.08712121212121213,0.12878787878787878,3.0,12.0
r3-confirm-r2704,2704,0.0,1.0,1.0,0.5,1.0,0.045454545454545456,0.18181818181818182,1.5,13.0
r3-confirm-r2705,2705,0.0,1.0,1.0,0.5,1.0,0.045454545454545456,0.08712121212121213,2.5,8.5
r3-confirm-r2706,2706,0.0,0.0,0.0,0.5,0.0,0.045454545454545456,0.0,2.5,11.0
r3-confirm-r2707,2707,0.0,1.0,1.0,1.0,1.0,0.09090909090909091,0.13636363636363635,2.5,11.5
r3-confirm-r2708,2708,0.0,1.0,1.0,0.5,1.0,0.045454545454545456,0.09090909090909091,2.0,13.0
r3-confirm-r2709,2709,0.0,0.0,0.0,0.5,0.0,0.05,0.0,2.0,14.0
r3-confirm-r2710,2710,0.0,1.0,1.0,1.0,1.0,0.12878787878787878,0.09545454545454546,3.0,12.0
r3-confirm-r2711,2711,0.5,0.5,0.0,1.0,0.5,0.09090909090909091,0.045454545454545456,6.0,13.0
r3-confirm-r2712,2712,0.0,1.0,1.0,0.0,1.0,0.0,0.13636363636363635,1.5,10.0
r3-confirm-r2713,2713,0.0,1.0,1.0,0.0,1.0,0.0,0.09545454545454546,1.5,14.5
r3-confirm-r2714,2714,0.0,1.0,1.0,0.5,1.0,0.041666666666666664,0.08712121212121213,1.5,12.0
r3-confirm-r2715,2715,0.0,1.0,1.0,0.0,1.0,0.0,0.09090909090909091,2.0,11.0
r3-confirm-r2716,2716,0.0,1.0,1.0,0.0,1.0,0.0,0.09090909090909091,2.5,11.0
r3-confirm-r2717,2717,0.0,1.0,1.0,0.0,1.0,0.0,0.09090909090909091,1.5,14.0
r3-confirm-r2718,2718,0.0,0.5,0.5,0.5,1.0,0.045454545454545456,0.09090909090909091,3.0,10.0
r3-confirm-r2719,2719,0.0,1.0,1.0,0.5,1.0,0.045454545454545456,0.13636363636363635,1.0,10.0
r3-confirm-r2720,2720,0.0,0.0,0.0,0.0,0.0,0.0,0.0,3.0,11.0
r3-confirm-r2721,2721,0.0,1.0,1.0,0.0,1.0,0.0,0.09090909090909091,3.0,13.0
r3-confirm-r2722,2722,0.0,1.0,1.0,1.0,1.0,0.08712121212121213,0.12878787878787878,2.0,10.0
r3-confirm-r2723,2723,0.0,0.5,0.5,0.5,0.5,0.08333333333333333,0.045454545454545456,3.0,11.0
r3-confirm-r2724,2724,0.0,0.5,0.5,0.0,0.5,0.0,0.045454545454545456,0.5,12.0
r3-confirm-r2725,2725,0.0,0.0,0.0,0.5,0.0,0.041666666666666664,0.0,3.0,10.0
r3-confirm-r2726,2726,0.0,1.0,1.0,0.5,1.0,0.045454545454545456,0.13636363636363635,3.0,13.0
r3-confirm-r2727,2727,0.0,0.5,0.5,0.5,0.5,0.045454545454545456,0.045454545454545456,2.5,12.0
r3-confirm-r2728,2728,0.0,1.0,1.0,0.5,1.0,0.041666666666666664,0.09090909090909091,3.0,12.0
r3-confirm-r2729,2729,0.0,0.5,0.5,0.5,0.5,0.045454545454545456,0.045454545454545456,2.0,12.0
r3-confirm-r2730,2730,0.0,0.5,0.5,0.0,0.5,0.0,0.045454545454545456,2.5,11.5
r3-confirm-r2731,2731,0.0,1.0,1.0,0.0,1.0,0.0,0.09090909090909091,2.5,11.0
r3-confirm-r2732,2732,0.5,0.5,0.0,0.5,0.5,0.045454545454545456,0.045454545454545456,3.0,13.0
r3-confirm-r2733,2733,0.0,0.5,0.5,0.5,0.5,0.041666666666666664,0.08333333333333333,3.5,10.0
r3-confirm-r2734,2734,0.0,0.5,0.5,0.0,0.5,0.0,0.041666666666666664,2.5,9.5
r3-confirm-r2735,2735,0.0,0.0,0.0,0.5,0.5,0.045454545454545456,0.05,3.0,12.0
r3-confirm-r2736,2736,0.0,0.5,0.5,0.5,1.0,0.041666666666666664,0.09090909090909091,1.5,10.0
r3-confirm-r2737,2737,0.0,1.0,1.0,1.0,1.0,0.09090909090909091,0.17424242424242425,3.5,12.0
r3-confirm-r2738,2738,0.0,0.5,0.5,0.0,0.5,0.0,0.05,4.5,11.5
r3-confirm-r2739,2739,0.0,1.0,1.0,0.5,1.0,0.041666666666666664,0.09090909090909091,2.0,11.0
r3-confirm-r2740,2740,0.0,0.5,0.5,1.0,0.5,0.08712121212121213,0.041666666666666664,3.5,11.0
r3-confirm-r2741,2741,0.0,1.0,1.0,0.5,1.0,0.041666666666666664,0.09090909090909091,2.5,11.0
r3-confirm-r2742,2742,0.0,0.5,0.5,0.0,0.5,0.0,0.045454545454545456,2.0,12.0
r3-confirm-r2743,2743,0.0,0.0,0.0,0.0,0.5,0.0,0.09090909090909091,2.0,11.0
r3-confirm-r2744,2744,0.0,0.5,0.5,0.5,0.5,0.09090909090909091,0.045454545454545456,3.5,15.0
r3-confirm-r2745,2745,0.0,1.0,1.0,0.0,1.0,0.0,0.125,3.0,10.0
r3-confirm-r2746,2746,0.0,0.5,0.5,0.5,0.5,0.045454545454545456,0.05,2.0,14.0
r3-confirm-r2747,2747,0.0,0.5,0.5,0.5,0.5,0.041666666666666664,0.045454545454545456,2.5,12.0
r3-confirm-r2748,2748,0.0,1.0,1.0,1.0,1.0,0.08333333333333333,0.09090909090909091,2.0,12.5
r3-confirm-r2749,2749,0.0,1.0,1.0,0.0,1.0,0.0,0.09090909090909091,1.0,14.0
r3-confirm-r2750,2750,0.0,0.5,0.5,0.5,0.5,0.045454545454545456,0.045454545454545456,2.5,12.0
r3-confirm-r2751,2751,0.0,0.5,0.5,0.0,0.5,0.0,0.08333333333333333,2.0,10.0
r3-confirm-r2752,2752,0.0,1.0,1.0,0.5,1.0,0.041666666666666664,0.09090909090909091,1.5,12.0
r3-confirm-r2753,2753,0.0,0.0,0.0,0.5,0.0,0.045454545454545456,0.0,3.5,9.0
r3-confirm-r2754,2754,0.0,1.0,1.0,0.5,1.0,0.045454545454545456,0.14545454545454545,1.5,14.0
r3-confirm-r2755,2755,0.0,1.0,1.0,0.0,1.0,0.0,0.08712121212121213,2.5,9.0
r3-confirm-r2756,2756,0.0,1.0,1.0,0.0,1.0,0.0,0.09090909090909091,2.5,10.0
r3-confirm-r2757,2757,0.5,0.5,0.0,1.0,0.5,0.09090909090909091,0.045454545454545456,4.5,12.0
r3-confirm-r2758,2758,0.0,0.5,0.5,0.5,0.5,0.045454545454545456,0.045454545454545456,3.0,11.0
r3-confirm-r2759,2759,0.0,1.0,1.0,0.5,1.0,0.045454545454545456,0.09090909090909091,3.0,13.0
r3-confirm-r2760,2760,0.0,1.0,1.0,0.5,1.0,0.08333333333333333,0.13636363636363635,0.5,13.0
r3-confirm-r2761,2761,0.0,0.5,0.5,0.0,0.5,0.0,0.045454545454545456,3.5,10.0
r3-confirm-r2762,2762,0.0,0.5,0.5,0.5,0.5,0.08333333333333333,0.09090909090909091,2.5,10.0
r3-confirm-r2763,2763,0.0,0.5,0.5,0.0,0.5,0.0,0.045454545454545456,3.5,14.5
r3-confirm-r2764,2764,0.0,0.0,0.0,0.5,0.0,0.041666666666666664,0.0,4.5,9.0
r3-confirm-r2765,2765,0.0,1.0,1.0,0.5,1.0,0.045454545454545456,0.09090909090909091,3.5,12.0
r3-confirm-r2766,2766,0.0,0.5,0.5,0.5,1.0,0.045454545454545456,0.09090909090909091,2.0,10.0
r3-confirm-r2767,2767,0.0,1.0,1.0,0.5,1.0,0.045454545454545456,0.13636363636363635,2.0,12.0
r3-confirm-r2768,2768,0.0,0.5,0.5,0.5,1.0,0.045454545454545456,0.09090909090909091,2.5,12.0
r3-confirm-r2769,2769,0.0,1.0,1.0,0.5,1.0,0.045454545454545456,0.09545454545454546,3.5,12.5
r3-confirm-r2770,2770,0.0,1.0,1.0,0.5,1.0,0.041666666666666664,0.09090909090909091,2.0,12.0
r3-confirm-r2771,2771,0.0,1.0,1.0,0.0,1.0,0.0,0.09090909090909091,2.5,11.0
r3-confirm-r2772,2772,0.0,1.0,1.0,0.5,1.0,0.041666666666666664,0.09090909090909091,1.5,11.0
r3-confirm-r2773,2773,0.0,1.0,1.0,0.0,1.0,0.0,0.13636363636363635,2.5,12.0
r3-confirm-r2774,2774,0.0,1.0,1.0,0.0,1.0,0.0,0.08333333333333333,4.0,9.0
r3-confirm-r2775,2775,0.0,0.5,0.5,0.0,0.5,0.0,0.08333333333333333,3.0,11.0
r3-confirm-r2776,2776,0.0,1.0,1.0,1.0,1.0,0.09090909090909091,0.09090909090909091,2.0,13.0
r3-confirm-r2777,2777,0.0,1.0,1.0,0.5,1.0,0.08333333333333333,0.09545454545454546,0.5,13.0
r3-confirm-r2778,2778,0.0,1.0,1.0,0.0,1.0,0.0,0.14090909090909093,2.0,12.0
r3-confirm-r2779,2779,0.0,0.5,0.5,0.5,0.5,0.041666666666666664,0.045454545454545456,2.0,12.0
r3-confirm-r2780,2780,0.0,0.5,0.5,0.0,0.5,0.0,0.045454545454545456,3.0,12.0
r3-confirm-r2781,2781,0.0,1.0,1.0,1.0,1.0,0.1,0.09545454545454546,1.5,14.0
r3-confirm-r2782,2782,0.0,0.5,0.5,0.5,0.5,0.045454545454545456,0.05,1.5,14.0
r3-confirm-r2783,2783,0.0,1.0,1.0,1.0,1.0,0.08712121212121213,0.09090909090909091,1.5,12.0
r3-confirm-r2784,2784,0.0,1.0,1.0,0.5,1.0,0.041666666666666664,0.16666666666666666,2.0,11.0
r3-confirm-r2785,2785,0.0,0.5,0.5,0.0,0.5,0.0,0.05,4.0,13.0
r3-confirm-r2786,2786,0.0,1.0,1.0,1.0,1.0,0.09090909090909091,0.13636363636363635,3.0,14.0
r3-confirm-r2787,2787,0.0,1.0,1.0,0.5,1.0,0.045454545454545456,0.13636363636363635,2.0,12.0
r3-confirm-r2788,2788,0.5,0.5,0.0,0.5,0.5,0.045454545454545456,0.045454545454545456,3.5,11.0
r3-confirm-r2789,2789,0.5,1.0,0.5,1.0,1.0,0.08333333333333333,0.13636363636363635,3.0,10.0
r3-confirm-r2790,2790,0.0,1.0,1.0,1.0,1.0,0.09090909090909091,0.09545454545454546,1.0,13.0
r3-confirm-r2791,2791,0.0,0.5,0.5,0.5,1.0,0.045454545454545456,0.13636363636363635,3.5,11.0
r3-confirm-r2792,2792,0.0,0.5,0.5,0.0,0.5,0.0,0.045454545454545456,2.5,11.5
r3-confirm-r2793,2793,0.0,0.0,0.0,0.5,0.5,0.045454545454545456,0.09090909090909091,5.0,10.0
r3-confirm-r2794,2794,0.0,0.5,0.5,0.0,0.5,0.0,0.041666666666666664,2.5,11.0
r3-confirm-r2795,2795,0.0,1.0,1.0,0.0,1.0,0.0,0.09090909090909091,3.0,10.0
r3-confirm-r2796,2796,0.0,0.5,0.5,0.5,0.5,0.09090909090909091,0.05,2.5,18.0
r3-confirm-r2797,2797,0.0,1.0,1.0,0.5,1.0,0.045454545454545456,0.13636363636363635,2.0,14.0
r3-confirm-r2798,2798,0.0,1.0,1.0,1.0,1.0,0.08333333333333333,0.18181818181818182,0.5,12.5
r3-confirm-r2799,2799,0.0,1.0,1.0,0.0,1.0,0.0,0.13636363636363635,4.0,11.0
r3-confirm-r2800,2800,0.0,1.0,1.0,0.0,1.0,0.0,0.09090909090909091,3.0,11.0
r3-confirm-r2801,2801,0.0,0.0,0.0,0.0,0.5,0.0,0.045454545454545456,2.5,12.0
r3-confirm-r2802,2802,0.0,1.0,1.0,0.0,1.0,0.0,0.09545454545454546,1.5,13.5
r3-confirm-r2803,2803,0.0,0.5,0.5,1.0,1.0,0.09545454545454546,0.14090909090909093,3.0,14.0
r3-confirm-r2804,2804,0.0,0.0,0.0,0.0,0.0,0.0,0.0,3.0,10.0
r3-confirm-r2805,2805,0.0,1.0,1.0,0.0,1.0,0.0,0.09090909090909091,2.0,11.0
r3-confirm-r2806,2806,0.0,0.0,0.0,0.0,0.0,0.0,0.0,5.0,13.0
r3-confirm-r2807,2807,0.0,0.5,0.5,0.5,0.5,0.041666666666666664,0.09090909090909091,2.0,11.0
r3-confirm-r2808,2808,0.0,1.0,1.0,0.0,1.0,0.0,0.09090909090909091,1.0,10.0
r3-confirm-r2809,2809,0.0,1.0,1.0,0.0,1.0,0.0,0.1,3.5,15.0
r3-confirm-r2810,2810,0.0,0.5,0.5,0.0,0.5,0.0,0.05,4.5,11.0
r3-confirm-r2811,2811,0.0,1.0,1.0,0.5,1.0,0.05,0.1,4.0,13.0
r3-confirm-r2812,2812,0.0,1.0,1.0,0.5,1.0,0.045454545454545456,0.09090909090909091,2.0,14.0
r3-confirm-r2813,2813,0.0,0.0,0.0,0.0,0.0,0.0,0.0,4.0,12.0
r3-confirm-r2814,2814,0.0,1.0,1.0,0.0,1.0,0.0,0.09545454545454546,2.5,13.5
r3-confirm-r2815,2815,0.0,0.5,0.5,0.5,0.5,0.041666666666666664,0.045454545454545456,1.5,11.0
r3-confirm-r2816,2816,0.0,0.5,0.5,0.5,0.5,0.045454545454545456,0.045454545454545456,2.5,12.0
r3-confirm-r2817,2817,0.0,1.0,1.0,0.5,1.0,0.045454545454545456,0.1,2.5,14.0
r3-confirm-r2818,2818,0.0,0.5,0.5,0.0,1.0,0.0,0.1,4.0,12.0
r3-confirm-r2819,2819,0.0,0.5,0.5,0.0,1.0,0.0,0.09090909090909091,2.0,10.0
r3-confirm-r2820,2820,0.0,0.5,0.5,0.0,0.5,0.0,0.05,2.0,15.0
r3-confirm-r2821,2821,0.0,0.5,0.5,0.0,0.5,0.0,0.09090909090909091,2.5,13.0
r3-confirm-r2822,2822,0.0,0.0,0.0,0.0,0.5,0.0,0.045454545454545456,3.0,11.0
r3-confirm-r2823,2823,0.0,0.5,0.5,0.0,1.0,0.0,0.14090909090909093,2.5,11.5
r3-confirm-r2824,2824,0.0,0.5,0.5,1.0,0.5,0.14090909090909093,0.045454545454545456,4.0,12.0
r3-confirm-r2825,2825,0.0,0.5,0.5,0.0,1.0,0.0,0.13636363636363635,1.0,12.0
r3-confirm-r2826,2826,0.0,1.0,1.0,0.5,1.0,0.045454545454545456,0.16666666666666666,4.0,11.0
r3-confirm-r2827,2827,0.0,1.0,1.0,1.0,1.0,0.09090909090909091,0.15000000000000002,1.5,13.0
r3-confirm-r2828,2828,0.0,0.5,0.5,1.0,0.5,0.09090909090909091,0.09090909090909091,2.0,12.0
r3-confirm-r2829,2829,0.0,1.0,1.0,0.5,1.0,0.045454545454545456,0.09545454545454546,2.5,14.0
r3-confirm-r2830,2830,0.0,1.0,1.0,0.0,1.0,0.0,0.13636363636363635,2.5,12.0
r3-confirm-r2831,2831,0.0,1.0,1.0,0.0,1.0,0.0,0.13636363636363635,2.5,14.0
r3-confirm-r2832,2832,0.0,0.5,0.5,0.5,0.5,0.045454545454545456,0.08333333333333333,3.5,9.0
r3-confirm-r2833,2833,0.0,0.5,0.5,0.0,0.5,0.0,0.045454545454545456,2.0,12.0
r3-confirm-r2834,2834,0.0,0.5,0.5,0.5,0.5,0.045454545454545456,0.045454545454545456,2.0,13.0
r3-confirm-r2835,2835,0.0,0.5,0.5,0.5,0.5,0.045454545454545456,0.045454545454545456,3.0,11.0
r3-confirm-r2836,2836,0.0,1.0,1.0,0.5,1.0,0.041666666666666664,0.13636363636363635,1.5,11.0
r3-confirm-r2837,2837,0.0,1.0,1.0,0.5,1.0,0.045454545454545456,0.09545454545454546,1.5,15.0
r3-confirm-r2838,2838,0.0,0.5,0.5,1.0,0.5,0.08333333333333333,0.05,1.5,12.0
r3-confirm-r2839,2839,0.0,1.0,1.0,0.5,1.0,0.045454545454545456,0.125,2.5,11.0
r3-confirm-r2840,2840,0.0,0.5,0.5,0.5,0.5,0.041666666666666664,0.045454545454545456,0.0,13.0
r3-confirm-r2841,2841,0.0,0.5,0.5,0.0,0.5,0.0,0.045454545454545456,4.0,9.0
r3-confirm-r2842,2842,0.0,1.0,1.0,0.0,1.0,0.0,0.09090909090909091,1.5,13.0
r3-confirm-r2843,2843,0.0,1.0,1.0,1.0,1.0,0.09090909090909091,0.12878787878787878,3.0,11.0
r3-confirm-r2844,2844,0.0,0.5,0.5,0.0,0.5,0.0,0.09090909090909091,2.0,10.5
r3-confirm-r2845,2845,0.0,0.5,0.5,0.5,0.5,0.045454545454545456,0.09090909090909091,1.0,13.0
r3-confirm-r2846,2846,0.0,0.5,0.5,0.0,1.0,0.0,0.13636363636363635,2.0,10.0
r3-confirm-r2847,2847,0.0,0.5,0.5,0.0,0.5,0.0,0.045454545454545456,3.0,10.0
r3-confirm-r2848,2848,0.0,0.5,0.5,0.5,0.5,0.041666666666666664,0.09090909090909091,1.5,11.0
r3-confirm-r2849,2849,0.0,1.0,1.0,1.0,1.0,0.09545454545454546,0.14090909090909093,1.0,15.0
r3-confirm-r2850,2850,0.0,1.0,1.0,0.0,1.0,0.0,0.13636363636363635,3.5,12.0
r3-confirm-r2851,2851,0.0,1.0,1.0,0.0,1.0,0.0,0.09090909090909091,2.5,9.0
r3-confirm-r2852,2852,0.0,1.0,1.0,0.5,1.0,0.045454545454545456,0.09090909090909091,3.5,10.0
r3-confirm-r2853,2853,0.0,1.0,1.0,1.0,1.0,0.125,0.12878787878787878,3.0,10.0
r3-confirm-r2854,2854,0.0,0.5,0.5,0.5,1.0,0.045454545454545456,0.09545454545454546,2.0,13.0
r3-confirm-r2855,2855,0.5,1.0,0.5,1.0,1.0,0.09090909090909091,0.09545454545454546,4.0,11.0
r3-confirm-r2856,2856,0.0,1.0,1.0,0.5,1.0,0.041666666666666664,0.13636363636363635,0.5,12.0
r3-confirm-r2857,2857,0.0,0.5,0.5,0.0,0.5,0.0,0.045454545454545456,3.0,12.0
r3-confirm-r2858,2858,0.0,0.5,0.5,0.5,1.0,0.045454545454545456,0.09545454545454546,2.5,11.5
r3-confirm-r2859,2859,0.0,1.0,1.0,0.5,1.0,0.045454545454545456,0.1,1.0,15.0
r3-confirm-r2860,2860,0.0,0.5,0.5,1.0,0.5,0.125,0.045454545454545456,1.5,12.0
r3-confirm-r2861,2861,0.0,1.0,1.0,0.0,1.0,0.0,0.08712121212121213,1.0,10.0
r3-confirm-r2862,2862,0.5,0.5,0.0,0.5,0.5,0.041666666666666664,0.08333333333333333,3.5,11.0
r3-confirm-r2863,2863,0.0,0.5,0.5,0.0,0.5,0.0,0.05,1.0,13.0
r3-confirm-r2864,2864,0.0,1.0,1.0,0.5,1.0,0.045454545454545456,0.13636363636363635,2.0,13.0
r3-confirm-r2865,2865,0.0,0.5,0.5,0.5,0.5,0.045454545454545456,0.09090909090909091,3.5,12.5
r3-confirm-r2866,2866,0.0,0.5,0.5,0.0,1.0,0.0,0.1,3.0,13.0
r3-confirm-r2867,2867,0.0,0.0,0.0,0.5,0.0,0.041666666666666664,0.0,3.0,9.5
r3-confirm-r2868,2868,0.0,0.5,0.5,0.5,0.5,0.045454545454545456,0.08333333333333333,1.0,11.0
r3-confirm-r2869,2869,0.0,1.0,1.0,0.5,1.0,0.045454545454545456,0.09090909090909091,2.5,13.0
r3-confirm-r2870,2870,0.0,0.5,0.5,0.0,0.5,0.0,0.041666666666666664,2.0,11.0
r3-confirm-r2871,2871,0.0,1.0,1.0,0.5,1.0,0.045454545454545456,0.1,1.5,14.0
r3-confirm-r2872,2872,0.0,0.0,0.0,0.5,0.0,0.045454545454545456,0.0,3.0,11.0
r3-confirm-r2873,2873,0.0,0.5,0.5,0.5,1.0,0.045454545454545456,0.09545454545454546,2.5,11.5
r3-confirm-r2874,2874,0.0,1.0,1.0,0.0,1.0,0.0,0.09090909090909091,0.5,12.0
r3-confirm-r2875,2875,0.0,1.0,1.0,0.5,1.0,0.045454545454545456,0.09090909090909091,2.5,10.0
r3-confirm-r2876,2876,0.0,0.5,0.5,0.5,0.5,0.041666666666666664,0.045454545454545456,2.0,12.0
r3-confirm-r2877,2877,0.0,1.0,1.0,1.0,1.0,0.08333333333333333,0.12878787878787878,2.5,11.0
r3-confirm-r2878,2878,0.0,1.0,1.0,0.5,1.0,0.041666666666666664,0.13257575757575757,2.0,10.0
r3-confirm-r2879,2879,0.0,1.0,1.0,0.5,1.0,0.041666666666666664,0.09090909090909091,3.0,11.0
r3-confirm-r2880,2880,0.0,0.5,0.5,0.5,0.5,0.045454545454545456,0.045454545454545456,4.5,10.0
r3-confirm-r2881,2881,0.0,0.0,0.0,0.5,0.5,0.045454545454545456,0.045454545454545456,1.5,12.0
r3-confirm-r2882,2882,0.0,1.0,1.0,0.0,1.0,0.0,0.09090909090909091,3.0,11.0
r3-confirm-r2883,2883,0.0,0.0,0.0,0.0,0.5,0.0,0.045454545454545456,3.0,10.5
r3-confirm-r2884,2884,0.0,0.5,0.5,0.5,0.5,0.045454545454545456,0.045454545454545456,3.0,11.0
r3-confirm-r2885,2885,0.0,0.5,0.5,0.5,0.5,0.045454545454545456,0.09090909090909091,2.5,11.0
r3-confirm-r2886,2886,0.0,1.0,1.0,0.5,1.0,0.041666666666666664,0.125,2.5,9.0
r3-confirm-r2887,2887,0.0,0.5,0.5,0.5,0.5,0.041666666666666664,0.045454545454545456,1.5,11.0
r3-confirm-r2888,2888,0.5,0.5,0.0,0.5,0.5,0.045454545454545456,0.045454545454545456,2.5,12.0
r3-confirm-r2889,2889,0.0,0.5,0.5,0.5,1.0,0.045454545454545456,0.09545454545454546,0.5,12.0
r3-confirm-r2890,2890,0.0,0.5,0.5,0.0,1.0,0.0,0.12878787878787878,3.5,12.0
r3-confirm-r2891,2891,0.0,0.5,0.5,1.0,0.5,0.09090909090909091,0.045454545454545456,2.5,11.0
r3-confirm-r2892,2892,0.0,0.0,0.0,0.0,0.0,0.0,0.0,2.5,11.0
r3-confirm-r2893,2893,0.0,0.5,0.5,0.0,0.5,0.0,0.045454545454545456,2.0,10.0
r3-confirm-r2894,2894,0.0,1.0,1.0,0.0,1.0,0.0,0.13636363636363635,2.0,11.0
r3-confirm-r2895,2895,0.0,0.5,0.5,1.0,0.5,0.09090909090909091,0.045454545454545456,3.0,12.0
r3-confirm-r2896,2896,0.0,1.0,1.0,0.5,1.0,0.045454545454545456,0.09090909090909091,1.5,14.0
r3-confirm-r2897,2897,0.0,1.0,1.0,0.0,1.0,0.0,0.09090909090909091,2.5,12.0
r3-confirm-r2898,2898,0.0,1.0,1.0,0.0,1.0,0.0,0.13636363636363635,1.5,11.5
r3-confirm-r2899,2899,0.0,1.0,1.0,0.5,1.0,0.041666666666666664,0.09090909090909091,2.5,13.0
r3-confirm-r2900,2900,0.0,0.5,0.5,0.5,0.5,0.045454545454545456,0.045454545454545456,4.0,10.0
r3-confirm-r2901,2901,0.0,0.5,0.5,0.5,1.0,0.045454545454545456,0.09090909090909091,5.0,12.0
r3-confirm-r2902,2902,0.0,1.0,1.0,0.5,1.0,0.041666666666666664,0.12878787878787878,1.5,12.0
r3-confirm-r2903,2903,0.0,1.0,1.0,0.0,1.0,0.0,0.09090909090909091,3.0,12.0
r3-confirm-r2904,2904,0.0,1.0,1.0,0.5,1.0,0.045454545454545456,0.09090909090909091,3.5,10.5
r3-confirm-r2905,2905,0.0,1.0,1.0,0.0,1.0,0.0,0.09545454545454546,2.5,12.0
r3-confirm-r2906,2906,0.0,0.5,0.5,1.0,0.5,0.125,0.041666666666666664,2.0,10.0
r3-confirm-r2907,2907,0.0,1.0,1.0,0.0,1.0,0.0,0.09090909090909091,3.5,11.0
r3-confirm-r2908,2908,0.0,1.0,1.0,0.0,1.0,0.0,0.09090909090909091,2.5,11.0
r3-confirm-r2909,2909,0.0,1.0,1.0,1.0,1.0,0.08712121212121213,0.09090909090909091,0.0,13.0
r3-confirm-r2910,2910,0.0,0.5,0.5,0.5,0.5,0.041666666666666664,0.08333333333333333,2.5,12.0
r3-confirm-r2911,2911,0.0,1.0,1.0,0.0,1.0,0.0,0.09545454545454546,1.5,14.0
r3-confirm-r2912,2912,0.0,0.5,0.5,0.0,0.5,0.0,0.045454545454545456,2.0,12.0
r3-confirm-r2913,2913,0.0,1.0,1.0,0.5,1.0,0.08333333333333333,0.09090909090909091,2.5,11.0
r3-confirm-r2914,2914,0.0,0.5,0.5,0.0,1.0,0.0,0.1,4.0,14.0
r3-confirm-r2915,2915,0.0,1.0,1.0,0.5,1.0,0.041666666666666664,0.09090909090909091,1.0,11.0
r3-confirm-r2916,2916,0.0,1.0,1.0,0.0,1.0,0.0,0.08712121212121213,3.0,9.5
r3-confirm-r2917,2917,0.0,1.0,1.0,0.0,1.0,0.0,0.09090909090909091,2.5,12.0
r3-confirm-r2918,2918,0.0,0.5,0.5,0.0,0.5,0.0,0.041666666666666664,3.0,10.0
r3-confirm-r2919,2919,0.0,0.5,0.5,1.0,1.0,0.09090909090909091,0.09545454545454546,3.5,13.0
r3-confirm-r2920,2920,0.0,1.0,1.0,0.5,1.0,0.08333333333333333,0.13636363636363635,2.0,10.0
r3-confirm-r2921,2921,0.0,1.0,1.0,0.0,1.0,0.0,0.09090909090909091,2.0,11.0
r3-confirm-r2922,2922,0.0,1.0,1.0,0.0,1.0,0.0,0.09090909090909091,3.0,12.0
r3-confirm-r2923,2923,0.0,1.0,1.0,0.5,1.0,0.045454545454545456,0.09090909090909091,2.5,12.0
r3-confirm-r2924,2924,0.0,1.0,1.0,0.5,1.0,0.045454545454545456,0.13636363636363635,2.5,14.0
r3-confirm-r2925,2925,0.0,1.0,1.0,0.5,1.0,0.045454545454545456,0.09090909090909091,2.5,13.0
r3-confirm-r2926,2926,0.0,1.0,1.0,0.0,1.0,0.0,0.12878787878787878,2.0,12.0
r3-confirm-r2927,2927,0.0,1.0,1.0,0.0,1.0,0.0,0.1,3.5,14.0
r3-confirm-r2928,2928,0.0,0.5,0.5,0.0,0.5,0.0,0.045454545454545456,2.0,10.0
r3-confirm-r2929,2929,0.0,0.5,0.5,0.5,0.5,0.045454545454545456,0.045454545454545456,2.0,9.0
r3-confirm-r2930,2930,0.0,0.5,0.5,0.5,0.5,0.045454545454545456,0.045454545454545456,3.0,12.0
r3-confirm-r2931,2931,0.0,1.0,1.0,0.0,1.0,0.0,0.09090909090909091,4.0,9.0
r3-confirm-r2932,2932,0.0,0.5,0.5,0.5,0.5,0.045454545454545456,0.09090909090909091,2.0,11.5
r3-confirm-r2933,2933,0.0,1.0,1.0,0.0,1.0,0.0,0.13257575757575757,3.5,11.0
r3-confirm-r2934,2934,0.0,1.0,1.0,0.5,1.0,0.045454545454545456,0.09090909090909091,3.5,11.0
r3-confirm-r2935,2935,0.0,1.0,1.0,0.0,1.0,0.0,0.09090909090909091,3.5,9.5
r3-confirm-r2936,2936,0.0,0.5,0.5,0.0,0.5,0.0,0.041666666666666664,3.0,10.0
r3-confirm-r2937,2937,0.0,0.0,0.0,0.0,0.0,0.0,0.0,4.0,9.0
r3-confirm-r2938,2938,0.0,0.5,0.5,0.0,0.5,0.0,0.045454545454545456,1.5,12.0
r3-confirm-r2939,2939,0.0,1.0,1.0,0.5,1.0,0.045454545454545456,0.12878787878787878,1.5,12.0
r3-confirm-r2940,2940,0.0,1.0,1.0,0.0,1.0,0.0,0.13636363636363635,2.0,11.5
r3-confirm-r2941,2941,0.0,1.0,1.0,0.5,1.0,0.045454545454545456,0.1,1.5,15.0
r3-confirm-r2942,2942,0.0,0.5,0.5,0.0,0.5,0.0,0.05,3.0,14.0
r3-confirm-r2943,2943,0.0,1.0,1.0,1.0,1.0,0.08712121212121213,0.13636363636363635,1.0,14.0
r3-confirm-r2944,2944,0.0,0.5,0.5,0.5,0.5,0.041666666666666664,0.045454545454545456,2.0,10.0
r3-confirm-r2945,2945,0.0,1.0,1.0,1.0,1.0,0.09545454545454546,0.15000000000000002,1.5,15.0
r3-confirm-r2946,2946,0.0,0.5,0.5,0.5,1.0,0.045454545454545456,0.14090909090909093,2.5,13.0
r3-confirm-r2947,2947,0.0,0.5,0.5,0.0,1.0,0.0,0.12878787878787878,1.5,11.0
r3-confirm-r2948,2948,0.0,0.5,0.5,0.5,0.5,0.08333333333333333,0.045454545454545456,3.0,11.0
r3-confirm-r2949,2949,0.0,0.0,0.0,0.0,0.0,0.0,0.0,5.0,13.0
r3-confirm-r2950,2950,0.0,1.0,1.0,0.5,1.0,0.045454545454545456,0.09090909090909091,4.0,11.0
r3-confirm-r2951,2951,0.0,0.5,0.5,0.5,0.5,0.045454545454545456,0.08333333333333333,2.0,12.0
r3-confirm-r2952,2952,0.0,0.5,0.5,0.0,0.5,0.0,0.045454545454545456,1.0,13.0
r3-confirm-r2953,2953,0.0,0.0,0.0,0.5,0.0,0.041666666666666664,0.0,2.0,12.0
r3-confirm-r2954,2954,0.0,0.5,0.5,0.5,0.5,0.045454545454545456,0.09090909090909091,2.5,10.5
r3-confirm-r2955,2955,0.0,0.5,0.5,0.5,1.0,0.05,0.1,4.0,14.0
r3-confirm-r2956,2956,0.0,0.5,0.5,0.5,1.0,0.045454545454545456,0.09090909090909091,2.0,12.0
r3-confirm-r2957,2957,0.0,0.5,0.5,0.0,0.5,0.0,0.045454545454545456,2.0,9.5
r3-confirm-r2958,2958,0.0,1.0,1.0,0.5,1.0,0.045454545454545456,0.09090909090909091,1.0,15.0
r3-confirm-r2959,2959,0.0,1.0,1.0,0.5,1.0,0.041666666666666664,0.08712121212121213,1.0,13.0
r3-confirm-r2960,2960,0.0,0.5,0.5,0.0,0.5,0.0,0.045454545454545456,3.0,11.0
r3-confirm-r2961,2961,0.0,1.0,1.0,0.0,1.0,0.0,0.09090909090909091,1.0,13.0
r3-confirm-r2962,2962,0.0,1.0,1.0,0.0,1.0,0.0,0.08712121212121213,2.0,11.0
r3-confirm-r2963,2963,0.0,1.0,1.0,0.5,1.0,0.045454545454545456,0.09545454545454546,1.0,14.0
r3-confirm-r2964,2964,0.0,0.5,0.5,0.0,0.5,0.0,0.045454545454545456,2.0,11.0
r3-confirm-r2965,2965,0.0,1.0,1.0,0.0,1.0,0.0,0.09090909090909091,2.5,12.0
r3-confirm-r2966,2966,0.0,0.5,0.5,0.0,0.5,0.0,0.041666666666666664,3.0,10.0
r3-confirm-r2967,2967,0.0,0.5,0.5,1.0,1.0,0.08333333333333333,0.08712121212121213,3.0,9.0
r3-confirm-r2968,2968,0.0,0.5,0.5,0.5,0.5,0.045454545454545456,0.045454545454545456,2.0,12.0
r3-confirm-r2969,2969,0.0,0.5,0.5,0.5,0.5,0.041666666666666664,0.05,0.5,11.5
r3-confirm-r2970,2970,0.0,1.0,1.0,0.0,1.0,0.0,0.1,1.5,13.0
r3-confirm-r2971,2971,0.0,1.0,1.0,1.0,1.0,0.125,0.12878787878787878,3.0,11.0
r3-confirm-r2972,2972,0.0,1.0,1.0,1.0,1.0,0.08333333333333333,0.08712121212121213,2.0,11.0
r3-confirm-r2973,2973,0.0,0.0,0.0,0.5,0.5,0.045454545454545456,0.045454545454545456,2.5,12.0
r3-confirm-r2974,2974,0.0,0.5,0.5,0.5,0.5,0.041666666666666664,0.041666666666666664,1.5,12.0
r3-confirm-r2975,2975,0.0,1.0,1.0,0.5,1.0,0.045454545454545456,0.13636363636363635,1.0,11.0
r3-confirm-r2976,2976,0.0,0.5,0.5,0.0,0.5,0.0,0.045454545454545456,5.0,9.0
r3-confirm-r2977,2977,0.0,1.0,1.0,0.0,1.0,0.0,0.1,2.0,14.0
r3-confirm-r2978,2978,0.0,0.5,0.5,0.5,1.0,0.041666666666666664,0.08712121212121213,3.0,10.0
r3-confirm-r2979,2979,0.0,1.0,1.0,0.0,1.0,0.0,0.12878787878787878,2.0,13.0
r3-confirm-r2980,2980,0.0,0.5,0.5,0.5,0.5,0.045454545454545456,0.045454545454545456,1.5,11.0
r3-confirm-r2981,2981,0.0,1.0,1.0,0.5,1.0,0.045454545454545456,0.09090909090909091,3.0,11.0
r3-confirm-r2982,2982,0.0,1.0,1.0,0.0,1.0,0.0,0.13636363636363635,2.5,12.0
r3-confirm-r2983,2983,0.0,0.5,0.5,0.0,0.5,0.0,0.045454545454545456,2.0,12.5
r3-confirm-r2984,2984,0.0,0.5,0.5,0.0,0.5,0.0,0.045454545454545456,2.5,13.0
r3-confirm-r2985,2985,0.0,0.5,0.5,0.5,1.0,0.045454545454545456,0.09545454545454546,2.5,13.0
r3-confirm-r2986,2986,0.0,0.0,0.0,0.0,0.5,0.0,0.05,6.5,14.0
r3-confirm-r2987,2987,0.0,0.0,0.0,0.0,0.0,0.0,0.0,1.5,12.5
r3-confirm-r2988,2988,0.0,0.5,0.5,1.0,1.0,0.09090909090909091,0.15000000000000002,1.0,12.0
r3-confirm-r2989,2989,0.0,1.0,1.0,0.5,1.0,0.041666666666666664,0.09090909090909091,3.0,11.0
r3-confirm-r2990,2990,0.0,1.0,1.0,0.5,1.0,0.09090909090909091,0.19090909090909092,2.5,15.0
r3-confirm-r2991,2991,0.0,1.0,1.0,0.0,1.0,0.0,0.13636363636363635,1.0,12.0
r3-confirm-r2992,2992,0.0,1.0,1.0,1.0,1.0,0.09090909090909091,0.09090909090909091,3.0,12.0
r3-confirm-r2993,2993,0.0,0.5,0.5,0.5,0.5,0.041666666666666664,0.041666666666666664,2.0,11.0
r3-confirm-r2994,2994,0.0,0.5,0.5,0.5,1.0,0.045454545454545456,0.09090909090909091,2.5,11.5
r3-confirm-r2995,2995,0.0,0.5,0.5,0.0,0.5,0.0,0.045454545454545456,3.0,11.0
r3-confirm-r2996,2996,0.0,1.0,1.0,0.5,1.0,0.045454545454545456,0.09090909090909091,2.5,12.0
r3-confirm-r2997,2997,0.0,0.0,0.0,0.0,0.0,0.0,0.0,3.0,12.0
r3-confirm-r2998,2998,0.0,1.0,1.0,0.0,1.0,0.0,0.125,3.0,10.5
r3-confirm-r2999,2999,0.0,0.5,0.5,0.5,1.0,0.045454545454545456,0.09090909090909091,3.5,11.0
